-- --------------------------------------------------------
-- 호스트:                          stg-yswa-kr-practice-db-master.mariadb.database.azure.com
-- 서버 버전:                        10.3.23-MariaDB - MariaDB Server
-- 서버 OS:                        Win64
-- HeidiSQL 버전:                  12.5.0.6677
-- --------------------------------------------------------

/*!40101 SET @OLD_CHARACTER_SET_CLIENT=@@CHARACTER_SET_CLIENT */;
/*!40101 SET NAMES utf8 */;
/*!50503 SET NAMES utf8mb4 */;
/*!40103 SET @OLD_TIME_ZONE=@@TIME_ZONE */;
/*!40103 SET TIME_ZONE='+00:00' */;
/*!40014 SET @OLD_FOREIGN_KEY_CHECKS=@@FOREIGN_KEY_CHECKS, FOREIGN_KEY_CHECKS=0 */;
/*!40101 SET @OLD_SQL_MODE=@@SQL_MODE, SQL_MODE='NO_AUTO_VALUE_ON_ZERO' */;
/*!40111 SET @OLD_SQL_NOTES=@@SQL_NOTES, SQL_NOTES=0 */;


-- s09p13d201 데이터베이스 구조 내보내기
CREATE DATABASE IF NOT EXISTS `s09p13d201` /*!40100 DEFAULT CHARACTER SET utf8mb4 COLLATE utf8mb4_bin */;
USE `s09p13d201`;

-- 테이블 s09p13d201.board 구조 내보내기
CREATE TABLE IF NOT EXISTS `board` (
  `id` bigint(20) NOT NULL,
  `created_date` datetime(6) DEFAULT NULL,
  `modified_date` datetime(6) DEFAULT NULL,
  `content` varchar(150) COLLATE utf8mb4_bin NOT NULL,
  `title` varchar(150) COLLATE utf8mb4_bin NOT NULL,
  `views` int(11) NOT NULL,
  `board` bigint(20) DEFAULT NULL,
  `user_id` varchar(255) COLLATE utf8mb4_bin DEFAULT NULL,
  PRIMARY KEY (`id`),
  KEY `FK1c8h2xfwx2no1we4jvreryxx5` (`board`),
  KEY `FK5vlh90qyii65ixwsbnafd55ud` (`user_id`),
  CONSTRAINT `FK1c8h2xfwx2no1we4jvreryxx5` FOREIGN KEY (`board`) REFERENCES `classification` (`id`),
  CONSTRAINT `FK5vlh90qyii65ixwsbnafd55ud` FOREIGN KEY (`user_id`) REFERENCES `users` (`user_id`)
) ENGINE=InnoDB DEFAULT CHARSET=utf8mb4 COLLATE=utf8mb4_bin;

-- 테이블 데이터 s09p13d201.board:~440 rows (대략적) 내보내기
DELETE FROM `board`;
INSERT INTO `board` (`id`, `created_date`, `modified_date`, `content`, `title`, `views`, `board`, `user_id`) VALUES
	(68, '2023-08-17 14:15:18.386144', '2023-08-17 14:15:18.386144', 'ㅇㄴㄻ', 'FeedTitle', 0, 66, 'crit12'),
	(76, '2023-08-17 14:18:30.743661', '2023-08-17 14:18:30.743661', '뿌듯해요', 'FeedTitle', 0, 66, 'so34so'),
	(79, '2023-08-17 14:21:17.144776', '2023-08-17 14:21:17.144776', 'fdas', 'FeedTitle', 0, 66, 'crit12'),
	(80, '2023-08-17 14:21:31.186447', '2023-08-17 14:21:31.186447', 'fsdasfd', 'FeedTitle', 0, 66, 'crit12'),
	(81, '2023-08-17 14:21:41.009091', '2023-08-17 14:21:41.009091', 'sdafsdaf', 'FeedTitle', 0, 66, 'crit12'),
	(385, '2023-08-17 14:41:57.452596', '2023-08-17 14:41:57.452596', '오늘 지나면 주말', '발표', 520, 381, 'user999'),
	(386, '2023-08-17 14:41:57.579323', '2023-08-17 14:41:57.579323', '고기만두', '공통프로젝ㅌ', 55, 381, 'user999'),
	(387, '2023-08-17 14:41:57.707764', '2023-08-17 14:41:57.707764', '고기만두', '빵빵아', 462, 381, 'user999'),
	(388, '2023-08-17 14:41:57.836743', '2023-08-17 14:41:57.836743', '고기만두', '공통프로젝ㅌ', 384, 381, 'user999'),
	(389, '2023-08-17 14:41:57.962651', '2023-08-17 14:41:57.962651', '오늘 지나면 주말', '발표', 282, 381, 'user999'),
	(390, '2023-08-17 14:41:58.084578', '2023-08-17 14:41:58.084578', '고기만두', '오늘', 382, 381, 'user999'),
	(391, '2023-08-17 14:41:58.212033', '2023-08-17 14:41:58.212033', '고기만두', '오늘', 814, 381, 'user999'),
	(392, '2023-08-17 14:41:58.349643', '2023-08-17 14:41:58.349643', '아이좋아', '발표', 343, 381, 'user999'),
	(393, '2023-08-17 14:41:58.475861', '2023-08-17 14:41:58.475861', '고기만두', '발표', 470, 381, 'user999'),
	(394, '2023-08-17 14:41:58.606525', '2023-08-17 14:41:58.606525', '감칠맛 진한 김치찌개', '공통프로젝ㅌ', 945, 381, 'user999'),
	(395, '2023-08-17 14:41:58.737427', '2023-08-17 14:41:58.737427', '오늘 지나면 주말', '오늘', 392, 381, 'user999'),
	(396, '2023-08-17 14:41:58.863597', '2023-08-17 14:41:58.863597', '고기만두', '빵빵아', 850, 381, 'user999'),
	(397, '2023-08-17 14:41:58.992711', '2023-08-17 14:41:58.992711', '고기만두', '발표', 931, 381, 'user999'),
	(398, '2023-08-17 14:41:59.117911', '2023-08-17 14:41:59.117911', '너무좋아', '제목', 268, 381, 'user999'),
	(399, '2023-08-17 14:41:59.241312', '2023-08-17 14:41:59.241312', '너무좋아', '빵빵아', 453, 381, 'user999'),
	(400, '2023-08-17 14:41:59.370370', '2023-08-17 14:41:59.370370', '너무좋아', '제목', 163, 381, 'user999'),
	(401, '2023-08-17 14:41:59.498925', '2023-08-17 14:41:59.498925', '고기만두', '발표', 251, 381, 'user999'),
	(402, '2023-08-17 14:41:59.632402', '2023-08-17 14:41:59.632402', '너무좋아', '오늘', 395, 381, 'user999'),
	(403, '2023-08-17 14:41:59.757706', '2023-08-17 14:41:59.757706', '고기만두', '제목', 120, 381, 'user999'),
	(404, '2023-08-17 14:41:59.888382', '2023-08-17 14:41:59.888382', '감칠맛 진한 김치찌개', '발표', 844, 381, 'user999'),
	(405, '2023-08-17 14:42:00.016197', '2023-08-17 14:42:00.016197', '감칠맛 진한 김치찌개', '공통프로젝ㅌ', 876, 381, 'user999'),
	(406, '2023-08-17 14:42:00.153981', '2023-08-17 14:42:00.153981', '아이좋아', '빵빵아', 826, 381, 'user999'),
	(407, '2023-08-17 14:42:00.284388', '2023-08-17 14:42:00.284388', '오늘 지나면 주말', '오늘', 216, 381, 'user999'),
	(408, '2023-08-17 14:42:00.410199', '2023-08-17 14:42:00.410199', '너무좋아', '공통프로젝ㅌ', 581, 381, 'user999'),
	(409, '2023-08-17 14:42:00.535166', '2023-08-17 14:42:00.535166', '너무좋아', '오늘', 110, 381, 'user999'),
	(410, '2023-08-17 14:42:00.670905', '2023-08-17 14:42:00.670905', '오늘 지나면 주말', '공통프로젝ㅌ', 246, 381, 'user999'),
	(411, '2023-08-17 14:42:00.792843', '2023-08-17 14:42:00.792843', '오늘 지나면 주말', '발표', 521, 381, 'user999'),
	(412, '2023-08-17 14:42:00.928742', '2023-08-17 14:42:00.928742', '감칠맛 진한 김치찌개', '제목', 331, 381, 'user999'),
	(413, '2023-08-17 14:42:01.061398', '2023-08-17 14:42:01.061398', '감칠맛 진한 김치찌개', '오늘', 70, 381, 'user999'),
	(414, '2023-08-17 14:42:01.201690', '2023-08-17 14:42:01.201690', '오늘 지나면 주말', '발표', 710, 381, 'user999'),
	(415, '2023-08-17 14:42:01.348559', '2023-08-17 14:42:01.348559', '아이좋아', '공통프로젝ㅌ', 985, 381, 'user999'),
	(416, '2023-08-17 14:42:01.487391', '2023-08-17 14:42:01.487391', '아이좋아', '발표', 124, 381, 'user999'),
	(417, '2023-08-17 14:42:01.622529', '2023-08-17 14:42:01.622529', '감칠맛 진한 김치찌개', '공통프로젝ㅌ', 345, 381, 'user999'),
	(418, '2023-08-17 14:42:01.744743', '2023-08-17 14:42:01.744743', '감칠맛 진한 김치찌개', '빵빵아', 913, 381, 'user999'),
	(419, '2023-08-17 14:42:01.870102', '2023-08-17 14:42:01.870102', '감칠맛 진한 김치찌개', '오늘', 606, 381, 'user999'),
	(420, '2023-08-17 14:42:01.989887', '2023-08-17 14:42:01.989887', '오늘 지나면 주말', '오늘', 253, 381, 'user999'),
	(421, '2023-08-17 14:42:02.120259', '2023-08-17 14:42:02.120259', '고기만두', '공통프로젝ㅌ', 252, 381, 'user999'),
	(422, '2023-08-17 14:42:02.249848', '2023-08-17 14:42:02.249848', '아이좋아', '빵빵아', 581, 381, 'user999'),
	(423, '2023-08-17 14:42:02.367172', '2023-08-17 14:42:02.367172', '오늘 지나면 주말', '빵빵아', 693, 381, 'user999'),
	(424, '2023-08-17 14:42:02.494639', '2023-08-17 14:42:02.494639', '감칠맛 진한 김치찌개', '오늘', 4, 381, 'user999'),
	(425, '2023-08-17 14:42:02.616447', '2023-08-17 14:42:02.616447', '오늘 지나면 주말', '공통프로젝ㅌ', 863, 381, 'user999'),
	(426, '2023-08-17 14:42:02.738149', '2023-08-17 14:42:02.738149', '오늘 지나면 주말', '오늘', 914, 381, 'user999'),
	(427, '2023-08-17 14:42:02.862040', '2023-08-17 14:42:02.862040', '너무좋아', '제목', 367, 381, 'user999'),
	(428, '2023-08-17 14:42:02.986583', '2023-08-17 14:42:02.986583', '너무좋아', '오늘', 624, 381, 'user999'),
	(429, '2023-08-17 14:42:03.116378', '2023-08-17 14:42:03.116378', '오늘 지나면 주말', '제목', 522, 381, 'user999'),
	(430, '2023-08-17 14:42:03.236481', '2023-08-17 14:42:03.236481', '고기만두', '공통프로젝ㅌ', 937, 381, 'user999'),
	(431, '2023-08-17 14:42:03.356542', '2023-08-17 14:42:03.356542', '너무좋아', '오늘', 436, 381, 'user999'),
	(432, '2023-08-17 14:42:03.478256', '2023-08-17 14:42:03.478256', '아이좋아', '오늘', 890, 381, 'user999'),
	(433, '2023-08-17 14:42:03.602219', '2023-08-17 14:42:03.602219', '오늘 지나면 주말', '빵빵아', 495, 381, 'user999'),
	(434, '2023-08-17 14:42:03.725257', '2023-08-17 14:42:03.725257', '아이좋아', '공통프로젝ㅌ', 413, 381, 'user999'),
	(435, '2023-08-17 14:42:03.846296', '2023-08-17 14:42:03.846296', '오늘 지나면 주말', '발표', 498, 381, 'user999'),
	(436, '2023-08-17 14:42:03.973943', '2023-08-17 14:42:03.973943', '아이좋아', '공통프로젝ㅌ', 16, 381, 'user999'),
	(437, '2023-08-17 14:42:04.110865', '2023-08-17 14:42:04.110865', '오늘 지나면 주말', '빵빵아', 527, 381, 'user999'),
	(438, '2023-08-17 14:42:04.232435', '2023-08-17 14:42:04.232435', '고기만두', '오늘', 596, 381, 'user999'),
	(439, '2023-08-17 14:42:04.355503', '2023-08-17 14:42:04.355503', '아이좋아', '발표', 751, 381, 'user999'),
	(440, '2023-08-17 14:42:04.481434', '2023-08-17 14:42:04.481434', '오늘 지나면 주말', '발표', 725, 381, 'user999'),
	(441, '2023-08-17 14:42:04.605309', '2023-08-17 14:42:04.605309', '감칠맛 진한 김치찌개', '빵빵아', 80, 381, 'user999'),
	(442, '2023-08-17 14:42:04.726817', '2023-08-17 14:42:04.726817', '너무좋아', '발표', 153, 381, 'user999'),
	(443, '2023-08-17 14:42:04.850782', '2023-08-17 14:42:04.850782', '너무좋아', '발표', 666, 381, 'user999'),
	(444, '2023-08-17 14:42:04.980497', '2023-08-17 14:42:04.980497', '아이좋아', '빵빵아', 63, 381, 'user999'),
	(445, '2023-08-17 14:42:05.107063', '2023-08-17 14:42:05.107063', '너무좋아', '빵빵아', 811, 381, 'user999'),
	(446, '2023-08-17 14:42:05.232931', '2023-08-17 14:42:05.232931', '오늘 지나면 주말', '빵빵아', 425, 381, 'user999'),
	(447, '2023-08-17 14:42:05.356094', '2023-08-17 14:42:05.356094', '오늘 지나면 주말', '오늘', 441, 381, 'user999'),
	(448, '2023-08-17 14:42:05.481984', '2023-08-17 14:42:05.481984', '아이좋아', '발표', 918, 381, 'user999'),
	(449, '2023-08-17 14:42:05.606231', '2023-08-17 14:42:05.606231', '감칠맛 진한 김치찌개', '빵빵아', 275, 381, 'user999'),
	(450, '2023-08-17 14:42:05.733773', '2023-08-17 14:42:05.733773', '아이좋아', '발표', 817, 381, 'user999'),
	(451, '2023-08-17 14:42:05.862224', '2023-08-17 14:42:05.862224', '고기만두', '빵빵아', 524, 381, 'user999'),
	(452, '2023-08-17 14:42:05.986617', '2023-08-17 14:42:05.986617', '오늘 지나면 주말', '오늘', 989, 381, 'user999'),
	(453, '2023-08-17 14:42:06.110813', '2023-08-17 14:42:06.110813', '고기만두', '공통프로젝ㅌ', 353, 381, 'user999'),
	(454, '2023-08-17 14:42:06.234654', '2023-08-17 14:42:06.234654', '아이좋아', '발표', 489, 381, 'user999'),
	(455, '2023-08-17 14:42:06.362507', '2023-08-17 14:42:06.362507', '오늘 지나면 주말', '발표', 279, 381, 'user999'),
	(456, '2023-08-17 14:42:06.487125', '2023-08-17 14:42:06.487125', '너무좋아', '빵빵아', 352, 381, 'user999'),
	(457, '2023-08-17 14:42:06.612523', '2023-08-17 14:42:06.612523', '고기만두', '빵빵아', 445, 381, 'user999'),
	(458, '2023-08-17 14:42:06.738432', '2023-08-17 14:42:06.738432', '감칠맛 진한 김치찌개', '빵빵아', 639, 381, 'user999'),
	(459, '2023-08-17 14:42:06.862151', '2023-08-17 14:42:06.862151', '감칠맛 진한 김치찌개', '오늘', 637, 381, 'user999'),
	(460, '2023-08-17 14:42:06.983762', '2023-08-17 14:42:06.983762', '너무좋아', '빵빵아', 425, 381, 'user999'),
	(461, '2023-08-17 14:42:07.104710', '2023-08-17 14:42:07.104710', '아이좋아', '발표', 823, 381, 'user999'),
	(462, '2023-08-17 14:42:07.224802', '2023-08-17 14:42:07.224802', '너무좋아', '오늘', 250, 381, 'user999'),
	(463, '2023-08-17 14:42:07.357403', '2023-08-17 14:42:07.357403', '감칠맛 진한 김치찌개', '공통프로젝ㅌ', 633, 381, 'user999'),
	(464, '2023-08-17 14:42:07.482550', '2023-08-17 14:42:07.482550', '오늘 지나면 주말', '빵빵아', 104, 381, 'user999'),
	(465, '2023-08-17 14:42:07.609741', '2023-08-17 14:42:07.609741', '감칠맛 진한 김치찌개', '오늘', 795, 381, 'user999'),
	(466, '2023-08-17 14:42:07.734307', '2023-08-17 14:42:07.734307', '너무좋아', '공통프로젝ㅌ', 753, 381, 'user999'),
	(467, '2023-08-17 14:42:07.861144', '2023-08-17 14:42:07.861144', '감칠맛 진한 김치찌개', '발표', 806, 381, 'user999'),
	(468, '2023-08-17 14:42:07.990122', '2023-08-17 14:42:07.990122', '고기만두', '공통프로젝ㅌ', 109, 381, 'user999'),
	(469, '2023-08-17 14:42:08.125025', '2023-08-17 14:42:08.125025', '오늘 지나면 주말', '제목', 642, 381, 'user999'),
	(470, '2023-08-17 14:42:08.256687', '2023-08-17 14:42:08.256687', '너무좋아', '빵빵아', 352, 381, 'user999'),
	(471, '2023-08-17 14:42:08.375194', '2023-08-17 14:42:08.375194', '고기만두', '빵빵아', 975, 381, 'user999'),
	(472, '2023-08-17 14:42:08.491476', '2023-08-17 14:42:08.491476', '오늘 지나면 주말', '오늘', 804, 381, 'user999'),
	(473, '2023-08-17 14:42:08.606032', '2023-08-17 14:42:08.606032', '고기만두', '발표', 565, 381, 'user999'),
	(474, '2023-08-17 14:42:08.723058', '2023-08-17 14:42:08.723058', '너무좋아', '빵빵아', 407, 381, 'user999'),
	(475, '2023-08-17 14:42:08.838362', '2023-08-17 14:42:08.838362', '너무좋아', '오늘', 633, 381, 'user999'),
	(476, '2023-08-17 14:42:08.952514', '2023-08-17 14:42:08.952514', '오늘 지나면 주말', '공통프로젝ㅌ', 957, 381, 'user999'),
	(477, '2023-08-17 14:42:09.066090', '2023-08-17 14:42:09.066090', '아이좋아', '빵빵아', 355, 381, 'user999'),
	(478, '2023-08-17 14:42:09.181380', '2023-08-17 14:42:09.181380', '오늘 지나면 주말', '공통프로젝ㅌ', 447, 381, 'user999'),
	(479, '2023-08-17 14:42:09.299714', '2023-08-17 14:42:09.299714', '너무좋아', '발표', 205, 381, 'user999'),
	(480, '2023-08-17 14:42:09.416536', '2023-08-17 14:42:09.416536', '오늘 지나면 주말', '오늘', 285, 381, 'user999'),
	(481, '2023-08-17 14:42:09.530400', '2023-08-17 14:42:09.530400', '고기만두', '제목', 940, 381, 'user999'),
	(482, '2023-08-17 14:42:09.642028', '2023-08-17 14:42:09.642028', '감칠맛 진한 김치찌개', '오늘', 465, 381, 'user999'),
	(483, '2023-08-17 14:42:09.761638', '2023-08-17 14:42:09.761638', '고기만두', '공통프로젝ㅌ', 3, 381, 'user999'),
	(484, '2023-08-17 14:42:09.875767', '2023-08-17 15:09:32.064960', '감칠맛 진한 김치찌개', '발표', 791, 381, 'user999'),
	(485, '2023-08-17 14:42:10.015585', '2023-08-17 14:42:10.015585', '고기만두', '제목', 494, 383, 'user999'),
	(486, '2023-08-17 14:42:10.131782', '2023-08-17 14:42:10.131782', '오늘 지나면 주말', '오늘', 477, 383, 'user999'),
	(487, '2023-08-17 14:42:10.244603', '2023-08-17 14:42:10.244603', '감칠맛 진한 김치찌개', '공통프로젝ㅌ', 280, 383, 'user999'),
	(488, '2023-08-17 14:42:10.359302', '2023-08-17 14:42:10.359302', '아이좋아', '제목', 536, 383, 'user999'),
	(489, '2023-08-17 14:42:10.474551', '2023-08-17 14:42:10.474551', '아이좋아', '빵빵아', 476, 383, 'user999'),
	(490, '2023-08-17 14:42:10.592139', '2023-08-17 14:42:10.592139', '고기만두', '발표', 564, 383, 'user999'),
	(491, '2023-08-17 14:42:10.708346', '2023-08-17 14:42:10.708346', '아이좋아', '발표', 248, 383, 'user999'),
	(492, '2023-08-17 14:42:10.824159', '2023-08-17 14:42:10.824159', '너무좋아', '발표', 569, 383, 'user999'),
	(493, '2023-08-17 14:42:10.939447', '2023-08-17 14:42:10.939447', '오늘 지나면 주말', '제목', 166, 383, 'user999'),
	(494, '2023-08-17 14:42:11.056564', '2023-08-17 14:42:11.056564', '감칠맛 진한 김치찌개', '공통프로젝ㅌ', 443, 383, 'user999'),
	(495, '2023-08-17 14:42:11.175122', '2023-08-17 14:42:11.175122', '감칠맛 진한 김치찌개', '공통프로젝ㅌ', 239, 383, 'user999'),
	(496, '2023-08-17 14:42:11.288889', '2023-08-17 14:42:11.288889', '너무좋아', '공통프로젝ㅌ', 431, 383, 'user999'),
	(497, '2023-08-17 14:42:11.403322', '2023-08-17 14:42:11.403322', '고기만두', '제목', 434, 383, 'user999'),
	(498, '2023-08-17 14:42:11.519357', '2023-08-17 14:42:11.519357', '너무좋아', '오늘', 365, 383, 'user999'),
	(499, '2023-08-17 14:42:11.636530', '2023-08-17 14:42:11.636530', '오늘 지나면 주말', '발표', 762, 383, 'user999'),
	(500, '2023-08-17 14:42:11.747176', '2023-08-17 14:42:11.747176', '오늘 지나면 주말', '발표', 480, 383, 'user999'),
	(501, '2023-08-17 14:42:11.867273', '2023-08-17 14:42:11.867273', '아이좋아', '공통프로젝ㅌ', 690, 383, 'user999'),
	(502, '2023-08-17 14:42:11.981382', '2023-08-17 14:42:11.981382', '너무좋아', '오늘', 891, 383, 'user999'),
	(503, '2023-08-17 14:42:12.093686', '2023-08-17 14:42:12.093686', '감칠맛 진한 김치찌개', '빵빵아', 211, 383, 'user999'),
	(504, '2023-08-17 14:42:12.208546', '2023-08-17 14:42:12.208546', '오늘 지나면 주말', '공통프로젝ㅌ', 243, 383, 'user999'),
	(505, '2023-08-17 14:42:12.330686', '2023-08-17 14:42:12.330686', '고기만두', '제목', 376, 383, 'user999'),
	(506, '2023-08-17 14:42:12.459540', '2023-08-17 14:42:12.459540', '아이좋아', '발표', 259, 383, 'user999'),
	(507, '2023-08-17 14:42:12.584382', '2023-08-17 14:42:12.584382', '고기만두', '제목', 307, 383, 'user999'),
	(508, '2023-08-17 14:42:12.704621', '2023-08-17 14:42:12.704621', '고기만두', '공통프로젝ㅌ', 447, 383, 'user999'),
	(509, '2023-08-17 14:42:12.822551', '2023-08-17 14:42:12.822551', '오늘 지나면 주말', '발표', 716, 383, 'user999'),
	(510, '2023-08-17 14:42:13.898266', '2023-08-17 14:42:13.898266', '오늘도 코테 준비합시다!!', 'Title', 0, 4, 'ohamma'),
	(511, '2023-08-17 14:42:12.948190', '2023-08-17 14:42:12.948190', '감칠맛 진한 김치찌개', '공통프로젝ㅌ', 202, 383, 'user999'),
	(512, '2023-08-17 14:42:13.078813', '2023-08-17 14:42:13.078813', '너무좋아', '발표', 104, 383, 'user999'),
	(513, '2023-08-17 14:42:13.208755', '2023-08-17 14:42:13.208755', '너무좋아', '빵빵아', 669, 383, 'user999'),
	(514, '2023-08-17 14:42:13.334014', '2023-08-17 14:42:13.334014', '오늘 지나면 주말', '오늘', 309, 383, 'user999'),
	(515, '2023-08-17 14:42:13.458964', '2023-08-17 14:42:13.458964', '감칠맛 진한 김치찌개', '공통프로젝ㅌ', 655, 383, 'user999'),
	(516, '2023-08-17 14:42:13.584165', '2023-08-17 14:42:13.584165', '감칠맛 진한 김치찌개', '공통프로젝ㅌ', 967, 383, 'user999'),
	(517, '2023-08-17 14:42:13.718713', '2023-08-17 14:42:13.718713', '너무좋아', '오늘', 275, 383, 'user999'),
	(518, '2023-08-17 14:42:13.847478', '2023-08-17 14:42:13.847478', '오늘 지나면 주말', '빵빵아', 573, 383, 'user999'),
	(519, '2023-08-17 14:42:13.974729', '2023-08-17 14:42:13.974729', '고기만두', '공통프로젝ㅌ', 70, 383, 'user999'),
	(520, '2023-08-17 14:42:14.099879', '2023-08-17 14:42:14.099879', '너무좋아', '빵빵아', 747, 383, 'user999'),
	(521, '2023-08-17 14:42:14.224671', '2023-08-17 14:42:14.224671', '오늘 지나면 주말', '오늘', 646, 383, 'user999'),
	(522, '2023-08-17 14:42:14.347797', '2023-08-17 14:42:14.347797', '고기만두', '발표', 911, 383, 'user999'),
	(523, '2023-08-17 14:42:14.473564', '2023-08-17 14:42:14.473564', '오늘 지나면 주말', '오늘', 350, 383, 'user999'),
	(524, '2023-08-17 14:42:14.597248', '2023-08-17 14:42:14.597248', '아이좋아', '오늘', 875, 383, 'user999'),
	(525, '2023-08-17 14:42:14.724839', '2023-08-17 14:42:14.724839', '아이좋아', '제목', 892, 383, 'user999'),
	(526, '2023-08-17 14:42:14.853343', '2023-08-17 14:42:14.853343', '감칠맛 진한 김치찌개', '발표', 427, 383, 'user999'),
	(527, '2023-08-17 14:42:14.975973', '2023-08-17 14:42:14.975973', '감칠맛 진한 김치찌개', '빵빵아', 416, 383, 'user999'),
	(528, '2023-08-17 14:42:15.100417', '2023-08-17 14:42:15.100417', '아이좋아', '제목', 947, 383, 'user999'),
	(529, '2023-08-17 14:42:15.226409', '2023-08-17 14:42:15.226409', '오늘 지나면 주말', '공통프로젝ㅌ', 173, 383, 'user999'),
	(530, '2023-08-17 14:42:15.353674', '2023-08-17 14:42:15.353674', '오늘 지나면 주말', '오늘', 857, 383, 'user999'),
	(531, '2023-08-17 14:42:15.479231', '2023-08-17 14:42:15.479231', '너무좋아', '발표', 316, 383, 'user999'),
	(532, '2023-08-17 14:42:15.612694', '2023-08-17 14:42:15.612694', '감칠맛 진한 김치찌개', '제목', 633, 383, 'user999'),
	(533, '2023-08-17 14:42:15.744249', '2023-08-17 14:42:15.744249', '아이좋아', '공통프로젝ㅌ', 309, 383, 'user999'),
	(534, '2023-08-17 14:42:15.873820', '2023-08-17 14:42:15.873820', '고기만두', '오늘', 404, 383, 'user999'),
	(535, '2023-08-17 14:42:15.996691', '2023-08-17 14:42:15.996691', '아이좋아', '발표', 937, 383, 'user999'),
	(536, '2023-08-17 14:42:16.131181', '2023-08-17 14:42:16.131181', '너무좋아', '발표', 265, 383, 'user999'),
	(537, '2023-08-17 14:42:16.254277', '2023-08-17 14:42:16.254277', '아이좋아', '발표', 968, 383, 'user999'),
	(538, '2023-08-17 14:42:16.376316', '2023-08-17 14:42:16.376316', '너무좋아', '빵빵아', 837, 383, 'user999'),
	(539, '2023-08-17 14:42:16.504362', '2023-08-17 14:42:16.504362', '오늘 지나면 주말', '공통프로젝ㅌ', 281, 383, 'user999'),
	(540, '2023-08-17 14:42:16.630537', '2023-08-17 14:42:16.630537', '고기만두', '오늘', 531, 383, 'user999'),
	(541, '2023-08-17 14:42:16.756011', '2023-08-17 14:42:16.756011', '너무좋아', '공통프로젝ㅌ', 426, 383, 'user999'),
	(542, '2023-08-17 14:42:16.877413', '2023-08-17 14:42:16.877413', '아이좋아', '오늘', 416, 383, 'user999'),
	(543, '2023-08-17 14:42:17.006176', '2023-08-17 14:42:17.006176', '오늘 지나면 주말', '제목', 151, 383, 'user999'),
	(544, '2023-08-17 14:42:17.129049', '2023-08-17 14:42:17.129049', '감칠맛 진한 김치찌개', '오늘', 80, 383, 'user999'),
	(545, '2023-08-17 14:42:17.249554', '2023-08-17 14:42:17.249554', '아이좋아', '오늘', 793, 383, 'user999'),
	(546, '2023-08-17 14:42:17.377135', '2023-08-17 14:42:17.377135', '고기만두', '오늘', 940, 383, 'user999'),
	(547, '2023-08-17 14:42:17.500230', '2023-08-17 14:42:17.500230', '아이좋아', '제목', 958, 383, 'user999'),
	(548, '2023-08-17 14:42:17.626652', '2023-08-17 14:42:17.626652', '감칠맛 진한 김치찌개', '발표', 316, 383, 'user999'),
	(549, '2023-08-17 14:42:17.755596', '2023-08-17 14:42:17.755596', '오늘 지나면 주말', '빵빵아', 919, 383, 'user999'),
	(550, '2023-08-17 14:42:17.880589', '2023-08-17 14:42:17.880589', '감칠맛 진한 김치찌개', '빵빵아', 700, 383, 'user999'),
	(551, '2023-08-17 14:42:18.004411', '2023-08-17 14:42:18.004411', '오늘 지나면 주말', '제목', 936, 383, 'user999'),
	(552, '2023-08-17 14:42:18.133108', '2023-08-17 14:42:18.133108', '아이좋아', '발표', 405, 383, 'user999'),
	(553, '2023-08-17 14:42:18.257682', '2023-08-17 14:42:18.257682', '오늘 지나면 주말', '제목', 353, 383, 'user999'),
	(554, '2023-08-17 14:42:18.380731', '2023-08-17 14:42:18.380731', '오늘 지나면 주말', '공통프로젝ㅌ', 570, 383, 'user999'),
	(555, '2023-08-17 14:42:18.500211', '2023-08-17 14:42:18.500211', '고기만두', '오늘', 704, 383, 'user999'),
	(556, '2023-08-17 14:42:18.619897', '2023-08-17 14:42:18.619897', '오늘 지나면 주말', '빵빵아', 35, 383, 'user999'),
	(557, '2023-08-17 14:42:18.750287', '2023-08-17 14:42:18.750287', '너무좋아', '빵빵아', 678, 383, 'user999'),
	(558, '2023-08-17 14:42:18.874386', '2023-08-17 14:42:18.874386', '오늘 지나면 주말', '오늘', 74, 383, 'user999'),
	(559, '2023-08-17 14:42:19.006255', '2023-08-17 14:42:19.006255', '고기만두', '빵빵아', 596, 383, 'user999'),
	(560, '2023-08-17 14:42:19.138531', '2023-08-17 14:42:19.138531', '너무좋아', '발표', 305, 383, 'user999'),
	(561, '2023-08-17 14:42:19.267422', '2023-08-17 14:42:19.267422', '너무좋아', '제목', 182, 383, 'user999'),
	(562, '2023-08-17 14:42:19.387210', '2023-08-17 14:42:19.387210', '오늘 지나면 주말', '빵빵아', 260, 383, 'user999'),
	(563, '2023-08-17 14:42:19.518102', '2023-08-17 14:42:19.518102', '아이좋아', '제목', 890, 383, 'user999'),
	(564, '2023-08-17 14:42:19.644239', '2023-08-17 14:42:19.644239', '오늘 지나면 주말', '오늘', 168, 383, 'user999'),
	(565, '2023-08-17 14:42:19.767991', '2023-08-17 14:42:19.767991', '고기만두', '발표', 680, 383, 'user999'),
	(566, '2023-08-17 14:42:19.897310', '2023-08-17 14:42:19.897310', '고기만두', '오늘', 754, 383, 'user999'),
	(567, '2023-08-17 14:42:20.024544', '2023-08-17 14:42:20.024544', '너무좋아', '발표', 573, 383, 'user999'),
	(568, '2023-08-17 14:42:20.146649', '2023-08-17 14:42:20.146649', '오늘 지나면 주말', '공통프로젝ㅌ', 43, 383, 'user999'),
	(569, '2023-08-17 14:42:20.270193', '2023-08-17 14:42:20.270193', '아이좋아', '오늘', 951, 383, 'user999'),
	(570, '2023-08-17 14:42:20.393303', '2023-08-17 14:42:20.393303', '너무좋아', '오늘', 906, 383, 'user999'),
	(571, '2023-08-17 14:42:20.518081', '2023-08-17 14:42:20.518081', '너무좋아', '공통프로젝ㅌ', 893, 383, 'user999'),
	(572, '2023-08-17 14:42:20.645064', '2023-08-17 14:42:20.645064', '아이좋아', '발표', 69, 383, 'user999'),
	(573, '2023-08-17 14:42:20.772643', '2023-08-17 14:42:20.772643', '감칠맛 진한 김치찌개', '발표', 962, 383, 'user999'),
	(574, '2023-08-17 14:42:20.893011', '2023-08-17 14:42:20.893011', '너무좋아', '발표', 661, 383, 'user999'),
	(575, '2023-08-17 14:42:21.015807', '2023-08-17 14:42:21.015807', '고기만두', '오늘', 705, 383, 'user999'),
	(576, '2023-08-17 14:42:21.146916', '2023-08-17 14:42:21.146916', '아이좋아', '공통프로젝ㅌ', 503, 383, 'user999'),
	(577, '2023-08-17 14:42:21.277143', '2023-08-17 14:42:21.277143', '감칠맛 진한 김치찌개', '발표', 29, 383, 'user999'),
	(578, '2023-08-17 14:42:21.399923', '2023-08-17 17:31:54.600974', '너무좋아', '오늘', 583, 383, 'user999'),
	(579, '2023-08-17 14:42:21.531306', '2023-08-17 14:42:21.531306', '오늘 지나면 주말', '오늘', 370, 383, 'user999'),
	(580, '2023-08-17 14:42:21.655978', '2023-08-17 14:42:21.655978', '아이좋아', '오늘', 87, 383, 'user999'),
	(581, '2023-08-17 14:42:21.774436', '2023-08-17 14:42:21.774436', '고기만두', '공통프로젝ㅌ', 792, 383, 'user999'),
	(582, '2023-08-17 14:42:21.897324', '2023-08-17 14:42:21.897324', '너무좋아', '제목', 941, 383, 'user999'),
	(583, '2023-08-17 14:42:22.018625', '2023-08-17 14:42:22.018625', '아이좋아', '제목', 822, 383, 'user999'),
	(584, '2023-08-17 14:42:22.143997', '2023-08-17 17:31:29.280085', '너무좋아', '공통프로젝ㅌ', 420, 383, 'user999'),
	(585, '2023-08-17 14:42:22.271193', '2023-08-17 17:31:37.792179', '오늘 지나면 주말', '발표', 99, 383, 'user999'),
	(586, '2023-08-17 14:42:22.415936', '2023-08-17 14:42:22.415936', '감칠맛 진한 김치찌개', '빵빵아', 266, 382, 'user999'),
	(587, '2023-08-17 14:42:22.547537', '2023-08-17 14:42:22.547537', '고기만두', '오늘', 853, 382, 'user999'),
	(588, '2023-08-17 14:42:22.666663', '2023-08-17 14:42:22.666663', '감칠맛 진한 김치찌개', '제목', 275, 382, 'user999'),
	(589, '2023-08-17 14:42:22.790067', '2023-08-17 14:42:22.790067', '아이좋아', '제목', 715, 382, 'user999'),
	(590, '2023-08-17 14:42:22.914069', '2023-08-17 14:42:22.914069', '오늘 지나면 주말', '발표', 303, 382, 'user999'),
	(591, '2023-08-17 14:42:23.038457', '2023-08-17 14:42:23.038457', '감칠맛 진한 김치찌개', '제목', 996, 382, 'user999'),
	(592, '2023-08-17 14:42:23.162833', '2023-08-17 14:42:23.162833', '오늘 지나면 주말', '공통프로젝ㅌ', 940, 382, 'user999'),
	(593, '2023-08-17 14:42:23.281882', '2023-08-17 14:42:23.281882', '아이좋아', '발표', 149, 382, 'user999'),
	(594, '2023-08-17 14:42:23.410811', '2023-08-17 14:42:23.410811', '오늘 지나면 주말', '오늘', 102, 382, 'user999'),
	(595, '2023-08-17 14:42:23.532812', '2023-08-17 14:42:23.532812', '오늘 지나면 주말', '오늘', 515, 382, 'user999'),
	(596, '2023-08-17 14:42:23.655832', '2023-08-17 14:42:23.655832', '고기만두', '공통프로젝ㅌ', 762, 382, 'user999'),
	(597, '2023-08-17 14:42:23.778271', '2023-08-17 14:42:23.778271', '너무좋아', '발표', 277, 382, 'user999'),
	(598, '2023-08-17 14:42:23.896897', '2023-08-17 14:42:23.896897', '고기만두', '발표', 498, 382, 'user999'),
	(599, '2023-08-17 14:42:24.024595', '2023-08-17 14:42:24.024595', '너무좋아', '제목', 821, 382, 'user999'),
	(600, '2023-08-17 14:42:24.150598', '2023-08-17 14:42:24.150598', '오늘 지나면 주말', '공통프로젝ㅌ', 134, 382, 'user999'),
	(601, '2023-08-17 14:42:24.278776', '2023-08-17 14:42:24.278776', '너무좋아', '제목', 195, 382, 'user999'),
	(602, '2023-08-17 14:42:24.402817', '2023-08-17 14:42:24.402817', '너무좋아', '발표', 208, 382, 'user999'),
	(603, '2023-08-17 14:42:24.534867', '2023-08-17 14:42:24.534867', '고기만두', '공통프로젝ㅌ', 620, 382, 'user999'),
	(604, '2023-08-17 14:42:24.654061', '2023-08-17 14:42:24.654061', '감칠맛 진한 김치찌개', '빵빵아', 805, 382, 'user999'),
	(605, '2023-08-17 14:42:24.780255', '2023-08-17 14:42:24.780255', '오늘 지나면 주말', '발표', 474, 382, 'user999'),
	(606, '2023-08-17 14:42:24.906985', '2023-08-17 14:42:24.906985', '너무좋아', '빵빵아', 270, 382, 'user999'),
	(607, '2023-08-17 14:42:25.038543', '2023-08-17 14:42:25.038543', '감칠맛 진한 김치찌개', '발표', 94, 382, 'user999'),
	(608, '2023-08-17 14:42:25.161924', '2023-08-17 14:42:25.161924', '감칠맛 진한 김치찌개', '오늘', 914, 382, 'user999'),
	(609, '2023-08-17 14:42:25.285956', '2023-08-17 14:42:25.285956', '너무좋아', '발표', 853, 382, 'user999'),
	(610, '2023-08-17 14:42:25.409783', '2023-08-17 14:42:25.409783', '고기만두', '제목', 547, 382, 'user999'),
	(611, '2023-08-17 14:42:25.536376', '2023-08-17 14:42:25.536376', '고기만두', '공통프로젝ㅌ', 120, 382, 'user999'),
	(612, '2023-08-17 14:42:25.656634', '2023-08-17 14:42:25.656634', '너무좋아', '오늘', 218, 382, 'user999'),
	(613, '2023-08-17 14:42:25.788474', '2023-08-17 14:42:25.788474', '고기만두', '오늘', 696, 382, 'user999'),
	(614, '2023-08-17 14:42:25.915684', '2023-08-17 14:42:25.915684', '너무좋아', '발표', 734, 382, 'user999'),
	(615, '2023-08-17 14:42:26.041895', '2023-08-17 14:42:26.041895', '너무좋아', '오늘', 389, 382, 'user999'),
	(616, '2023-08-17 14:42:26.164994', '2023-08-17 14:42:26.164994', '고기만두', '발표', 70, 382, 'user999'),
	(617, '2023-08-17 14:42:26.286814', '2023-08-17 14:42:26.286814', '고기만두', '빵빵아', 175, 382, 'user999'),
	(618, '2023-08-17 14:42:26.410148', '2023-08-17 14:42:26.410148', '오늘 지나면 주말', '발표', 250, 382, 'user999'),
	(619, '2023-08-17 14:42:26.538703', '2023-08-17 14:42:26.538703', '오늘 지나면 주말', '공통프로젝ㅌ', 835, 382, 'user999'),
	(620, '2023-08-17 14:42:26.661016', '2023-08-17 14:42:26.661016', '감칠맛 진한 김치찌개', '발표', 511, 382, 'user999'),
	(621, '2023-08-17 14:42:26.784798', '2023-08-17 14:42:26.784798', '너무좋아', '공통프로젝ㅌ', 23, 382, 'user999'),
	(622, '2023-08-17 14:42:26.907866', '2023-08-17 14:42:26.907866', '감칠맛 진한 김치찌개', '빵빵아', 958, 382, 'user999'),
	(623, '2023-08-17 14:42:27.030287', '2023-08-17 14:42:27.030287', '고기만두', '제목', 891, 382, 'user999'),
	(624, '2023-08-17 14:42:27.153911', '2023-08-17 14:42:27.153911', '감칠맛 진한 김치찌개', '공통프로젝ㅌ', 658, 382, 'user999'),
	(625, '2023-08-17 14:42:27.278914', '2023-08-17 14:42:27.278914', '오늘 지나면 주말', '제목', 718, 382, 'user999'),
	(626, '2023-08-17 14:42:27.402003', '2023-08-17 14:42:27.402003', '오늘 지나면 주말', '발표', 419, 382, 'user999'),
	(627, '2023-08-17 14:42:27.526757', '2023-08-17 14:42:27.526757', '너무좋아', '제목', 812, 382, 'user999'),
	(628, '2023-08-17 14:42:27.649586', '2023-08-17 14:42:27.649586', '아이좋아', '제목', 731, 382, 'user999'),
	(629, '2023-08-17 14:42:27.772067', '2023-08-17 14:42:27.772067', '너무좋아', '빵빵아', 240, 382, 'user999'),
	(630, '2023-08-17 14:42:27.898562', '2023-08-17 14:42:27.898562', '감칠맛 진한 김치찌개', '공통프로젝ㅌ', 350, 382, 'user999'),
	(631, '2023-08-17 14:42:28.025583', '2023-08-17 14:42:28.025583', '고기만두', '발표', 970, 382, 'user999'),
	(632, '2023-08-17 14:42:28.157875', '2023-08-17 14:42:28.157875', '너무좋아', '공통프로젝ㅌ', 550, 382, 'user999'),
	(633, '2023-08-17 14:42:28.310265', '2023-08-17 14:42:28.310265', '감칠맛 진한 김치찌개', '발표', 552, 382, 'user999'),
	(634, '2023-08-17 14:42:28.473319', '2023-08-17 14:42:28.473319', '아이좋아', '발표', 902, 382, 'user999'),
	(635, '2023-08-17 14:42:28.616690', '2023-08-17 14:42:28.616690', '오늘 지나면 주말', '공통프로젝ㅌ', 472, 382, 'user999'),
	(636, '2023-08-17 14:42:28.748971', '2023-08-17 14:42:28.748971', '오늘 지나면 주말', '제목', 8, 382, 'user999'),
	(637, '2023-08-17 14:42:28.871714', '2023-08-17 14:42:28.871714', '오늘 지나면 주말', '오늘', 912, 382, 'user999'),
	(638, '2023-08-17 14:42:28.996860', '2023-08-17 14:42:28.996860', '감칠맛 진한 김치찌개', '공통프로젝ㅌ', 782, 382, 'user999'),
	(639, '2023-08-17 14:42:29.123556', '2023-08-17 14:42:29.123556', '감칠맛 진한 김치찌개', '빵빵아', 975, 382, 'user999'),
	(640, '2023-08-17 14:42:29.245546', '2023-08-17 14:42:29.245546', '아이좋아', '오늘', 253, 382, 'user999'),
	(641, '2023-08-17 14:42:29.363545', '2023-08-17 14:42:29.363545', '아이좋아', '발표', 806, 382, 'user999'),
	(642, '2023-08-17 14:42:29.501597', '2023-08-17 14:42:29.501597', '감칠맛 진한 김치찌개', '제목', 451, 382, 'user999'),
	(643, '2023-08-17 14:42:29.618187', '2023-08-17 14:42:29.618187', '너무좋아', '빵빵아', 850, 382, 'user999'),
	(644, '2023-08-17 14:42:29.753046', '2023-08-17 14:42:29.753046', '너무좋아', '제목', 292, 382, 'user999'),
	(645, '2023-08-17 14:42:29.878557', '2023-08-17 14:42:29.878557', '고기만두', '발표', 396, 382, 'user999'),
	(646, '2023-08-17 14:42:29.998468', '2023-08-17 14:42:29.998468', '오늘 지나면 주말', '오늘', 897, 382, 'user999'),
	(647, '2023-08-17 14:42:30.119802', '2023-08-17 14:42:30.119802', '오늘 지나면 주말', '빵빵아', 520, 382, 'user999'),
	(648, '2023-08-17 14:42:30.244634', '2023-08-17 14:42:30.244634', '오늘 지나면 주말', '공통프로젝ㅌ', 477, 382, 'user999'),
	(649, '2023-08-17 14:42:30.370637', '2023-08-17 14:42:30.370637', '고기만두', '빵빵아', 12, 382, 'user999'),
	(650, '2023-08-17 14:42:30.496541', '2023-08-17 14:42:30.496541', '오늘 지나면 주말', '오늘', 439, 382, 'user999'),
	(651, '2023-08-17 14:42:30.617854', '2023-08-17 14:42:30.617854', '감칠맛 진한 김치찌개', '오늘', 757, 382, 'user999'),
	(652, '2023-08-17 14:42:30.746527', '2023-08-17 14:42:30.746527', '너무좋아', '빵빵아', 123, 382, 'user999'),
	(653, '2023-08-17 14:42:30.873528', '2023-08-17 14:42:30.873528', '너무좋아', '빵빵아', 837, 382, 'user999'),
	(654, '2023-08-17 14:42:30.996967', '2023-08-17 14:42:30.996967', '고기만두', '빵빵아', 427, 382, 'user999'),
	(655, '2023-08-17 14:42:31.122849', '2023-08-17 14:42:31.122849', '오늘 지나면 주말', '공통프로젝ㅌ', 398, 382, 'user999'),
	(656, '2023-08-17 14:42:31.242801', '2023-08-17 14:42:31.242801', '고기만두', '발표', 637, 382, 'user999'),
	(657, '2023-08-17 14:42:31.372947', '2023-08-17 14:42:31.372947', '너무좋아', '발표', 302, 382, 'user999'),
	(658, '2023-08-17 14:42:31.497111', '2023-08-17 14:42:31.497111', '너무좋아', '빵빵아', 872, 382, 'user999'),
	(659, '2023-08-17 14:42:31.618654', '2023-08-17 14:42:31.618654', '너무좋아', '제목', 639, 382, 'user999'),
	(660, '2023-08-17 14:42:31.742549', '2023-08-17 14:42:31.742549', '고기만두', '빵빵아', 695, 382, 'user999'),
	(661, '2023-08-17 14:42:31.864503', '2023-08-17 14:42:31.864503', '감칠맛 진한 김치찌개', '발표', 285, 382, 'user999'),
	(662, '2023-08-17 14:42:31.987913', '2023-08-17 14:42:31.987913', '감칠맛 진한 김치찌개', '오늘', 324, 382, 'user999'),
	(663, '2023-08-17 14:42:32.113045', '2023-08-17 14:42:32.113045', '감칠맛 진한 김치찌개', '공통프로젝ㅌ', 659, 382, 'user999'),
	(664, '2023-08-17 14:42:32.236078', '2023-08-17 14:42:32.236078', '오늘 지나면 주말', '발표', 534, 382, 'user999'),
	(665, '2023-08-17 14:42:32.366544', '2023-08-17 14:42:32.366544', '아이좋아', '공통프로젝ㅌ', 915, 382, 'user999'),
	(666, '2023-08-17 14:42:32.495825', '2023-08-17 14:42:32.495825', '고기만두', '오늘', 53, 382, 'user999'),
	(667, '2023-08-17 14:42:32.642111', '2023-08-17 14:42:32.642111', '감칠맛 진한 김치찌개', '빵빵아', 359, 382, 'user999'),
	(668, '2023-08-17 14:42:32.764560', '2023-08-17 14:42:32.764560', '감칠맛 진한 김치찌개', '제목', 961, 382, 'user999'),
	(669, '2023-08-17 14:42:32.885958', '2023-08-17 14:42:32.885958', '감칠맛 진한 김치찌개', '오늘', 919, 382, 'user999'),
	(670, '2023-08-17 14:42:33.016294', '2023-08-17 14:42:33.016294', '고기만두', '오늘', 979, 382, 'user999'),
	(671, '2023-08-17 14:42:33.138290', '2023-08-17 14:42:33.138290', '너무좋아', '제목', 947, 382, 'user999'),
	(672, '2023-08-17 14:42:33.260814', '2023-08-17 14:42:33.260814', '오늘 지나면 주말', '오늘', 44, 382, 'user999'),
	(673, '2023-08-17 14:42:33.386160', '2023-08-17 14:42:33.386160', '너무좋아', '빵빵아', 652, 382, 'user999'),
	(674, '2023-08-17 14:42:33.514254', '2023-08-17 14:42:33.514254', '고기만두', '제목', 176, 382, 'user999'),
	(675, '2023-08-17 14:42:33.644378', '2023-08-17 14:42:33.644378', '고기만두', '제목', 318, 382, 'user999'),
	(676, '2023-08-17 14:42:33.776374', '2023-08-17 14:42:33.776374', '감칠맛 진한 김치찌개', '발표', 166, 382, 'user999'),
	(677, '2023-08-17 14:42:33.900731', '2023-08-17 14:42:33.900731', '아이좋아', '빵빵아', 601, 382, 'user999'),
	(678, '2023-08-17 14:42:34.026242', '2023-08-17 14:42:34.026242', '감칠맛 진한 김치찌개', '제목', 604, 382, 'user999'),
	(679, '2023-08-17 14:42:34.147545', '2023-08-17 14:42:34.147545', '감칠맛 진한 김치찌개', '공통프로젝ㅌ', 181, 382, 'user999'),
	(680, '2023-08-17 14:42:34.267568', '2023-08-17 16:52:09.371564', '고기만두', '제목', 805, 382, 'user999'),
	(681, '2023-08-17 14:42:34.392539', '2023-08-17 14:42:34.392539', '아이좋아', '발표', 36, 382, 'user999'),
	(682, '2023-08-17 14:42:34.520219', '2023-08-17 14:42:34.520219', '감칠맛 진한 김치찌개', '제목', 661, 382, 'user999'),
	(683, '2023-08-17 14:42:34.644336', '2023-08-17 14:42:34.644336', '감칠맛 진한 김치찌개', '제목', 952, 382, 'user999'),
	(684, '2023-08-17 14:42:34.770285', '2023-08-17 14:42:34.770285', '아이좋아', '발표', 548, 382, 'user999'),
	(685, '2023-08-17 14:42:34.895552', '2023-08-17 14:42:34.895552', '너무좋아', '발표', 859, 382, 'user999'),
	(686, '2023-08-17 14:42:35.039771', '2023-08-17 14:42:35.039771', '아이좋아', '오늘', 971, 384, 'user999'),
	(687, '2023-08-17 14:42:35.167397', '2023-08-17 14:42:35.167397', '오늘 지나면 주말', '공통프로젝ㅌ', 673, 384, 'user999'),
	(688, '2023-08-17 14:42:35.290054', '2023-08-17 14:42:35.290054', '너무좋아', '제목', 266, 384, 'user999'),
	(689, '2023-08-17 14:42:35.415547', '2023-08-17 14:42:35.415547', '고기만두', '빵빵아', 368, 384, 'user999'),
	(690, '2023-08-17 14:42:35.536479', '2023-08-17 14:42:35.536479', '너무좋아', '빵빵아', 185, 384, 'user999'),
	(691, '2023-08-17 14:42:35.661935', '2023-08-17 14:42:35.661935', '고기만두', '빵빵아', 450, 384, 'user999'),
	(692, '2023-08-17 14:42:35.786554', '2023-08-17 14:42:35.786554', '오늘 지나면 주말', '오늘', 490, 384, 'user999'),
	(693, '2023-08-17 14:42:35.917891', '2023-08-17 14:42:35.917891', '오늘 지나면 주말', '빵빵아', 871, 384, 'user999'),
	(694, '2023-08-17 14:42:36.048079', '2023-08-17 14:42:36.048079', '너무좋아', '빵빵아', 454, 384, 'user999'),
	(695, '2023-08-17 14:42:36.165232', '2023-08-17 14:42:36.165232', '아이좋아', '빵빵아', 274, 384, 'user999'),
	(696, '2023-08-17 14:42:36.290019', '2023-08-17 14:42:36.290019', '감칠맛 진한 김치찌개', '제목', 611, 384, 'user999'),
	(697, '2023-08-17 14:42:36.409204', '2023-08-17 14:42:36.409204', '아이좋아', '발표', 647, 384, 'user999'),
	(698, '2023-08-17 14:42:36.538761', '2023-08-17 14:42:36.538761', '아이좋아', '오늘', 828, 384, 'user999'),
	(699, '2023-08-17 14:42:36.662071', '2023-08-17 14:42:36.662071', '감칠맛 진한 김치찌개', '제목', 804, 384, 'user999'),
	(700, '2023-08-17 14:42:36.790395', '2023-08-17 14:42:36.790395', '너무좋아', '빵빵아', 660, 384, 'user999'),
	(701, '2023-08-17 14:42:36.912950', '2023-08-17 14:42:36.912950', '감칠맛 진한 김치찌개', '공통프로젝ㅌ', 42, 384, 'user999'),
	(702, '2023-08-17 14:42:37.037414', '2023-08-17 14:42:37.037414', '아이좋아', '빵빵아', 272, 384, 'user999'),
	(703, '2023-08-17 14:42:37.160605', '2023-08-17 14:42:37.160605', '고기만두', '빵빵아', 148, 384, 'user999'),
	(704, '2023-08-17 14:42:37.279200', '2023-08-17 14:42:37.279200', '아이좋아', '공통프로젝ㅌ', 538, 384, 'user999'),
	(705, '2023-08-17 14:42:37.406566', '2023-08-17 14:42:37.406566', '오늘 지나면 주말', '오늘', 42, 384, 'user999'),
	(706, '2023-08-17 14:42:37.527754', '2023-08-17 14:42:37.527754', '고기만두', '오늘', 207, 384, 'user999'),
	(707, '2023-08-17 14:42:37.651197', '2023-08-17 14:42:37.651197', '아이좋아', '발표', 407, 384, 'user999'),
	(708, '2023-08-17 14:42:37.776729', '2023-08-17 14:42:37.776729', '오늘 지나면 주말', '오늘', 54, 384, 'user999'),
	(709, '2023-08-17 14:42:37.901443', '2023-08-17 14:42:37.901443', '아이좋아', '공통프로젝ㅌ', 841, 384, 'user999'),
	(710, '2023-08-17 14:42:38.025950', '2023-08-17 14:42:38.025950', '고기만두', '빵빵아', 233, 384, 'user999'),
	(711, '2023-08-17 14:42:38.148085', '2023-08-17 14:42:38.148085', '고기만두', '공통프로젝ㅌ', 270, 384, 'user999'),
	(712, '2023-08-17 14:42:38.267125', '2023-08-17 14:42:38.267125', '감칠맛 진한 김치찌개', '공통프로젝ㅌ', 267, 384, 'user999'),
	(713, '2023-08-17 14:42:38.381112', '2023-08-17 14:42:38.381112', '오늘 지나면 주말', '빵빵아', 995, 384, 'user999'),
	(714, '2023-08-17 14:42:38.498210', '2023-08-17 14:42:38.498210', '너무좋아', '공통프로젝ㅌ', 103, 384, 'user999'),
	(715, '2023-08-17 14:42:38.615859', '2023-08-17 14:42:38.615859', '감칠맛 진한 김치찌개', '제목', 510, 384, 'user999'),
	(716, '2023-08-17 14:42:38.732566', '2023-08-17 14:42:38.732566', '아이좋아', '제목', 205, 384, 'user999'),
	(717, '2023-08-17 14:42:38.848787', '2023-08-17 14:42:38.848787', '너무좋아', '제목', 683, 384, 'user999'),
	(718, '2023-08-17 14:42:38.962792', '2023-08-17 14:42:38.962792', '오늘 지나면 주말', '공통프로젝ㅌ', 672, 384, 'user999'),
	(719, '2023-08-17 14:42:39.081040', '2023-08-17 14:42:39.081040', '아이좋아', '발표', 599, 384, 'user999'),
	(720, '2023-08-17 14:42:39.202245', '2023-08-17 14:42:39.202245', '오늘 지나면 주말', '공통프로젝ㅌ', 21, 384, 'user999'),
	(721, '2023-08-17 14:42:39.325861', '2023-08-17 14:42:39.325861', '너무좋아', '발표', 376, 384, 'user999'),
	(722, '2023-08-17 14:42:39.444861', '2023-08-17 14:42:39.444861', '너무좋아', '빵빵아', 913, 384, 'user999'),
	(723, '2023-08-17 14:42:39.573861', '2023-08-17 14:42:39.573861', '아이좋아', '빵빵아', 752, 384, 'user999'),
	(724, '2023-08-17 14:42:39.710261', '2023-08-17 14:42:39.710261', '오늘 지나면 주말', '공통프로젝ㅌ', 249, 384, 'user999'),
	(725, '2023-08-17 14:42:39.839782', '2023-08-17 14:42:39.839782', '아이좋아', '공통프로젝ㅌ', 100, 384, 'user999'),
	(726, '2023-08-17 14:42:39.972717', '2023-08-17 14:42:39.972717', '오늘 지나면 주말', '제목', 634, 384, 'user999'),
	(727, '2023-08-17 14:42:40.101294', '2023-08-17 14:42:40.101294', '오늘 지나면 주말', '발표', 820, 384, 'user999'),
	(728, '2023-08-17 14:42:40.238941', '2023-08-17 14:42:40.238941', '아이좋아', '제목', 162, 384, 'user999'),
	(729, '2023-08-17 14:42:40.369762', '2023-08-17 14:42:40.369762', '아이좋아', '제목', 448, 384, 'user999'),
	(730, '2023-08-17 14:42:40.498790', '2023-08-17 14:42:40.498790', '아이좋아', '발표', 85, 384, 'user999'),
	(731, '2023-08-17 14:42:40.630761', '2023-08-17 14:42:40.630761', '아이좋아', '빵빵아', 619, 384, 'user999'),
	(732, '2023-08-17 14:42:40.762790', '2023-08-17 14:42:40.762790', '너무좋아', '빵빵아', 398, 384, 'user999'),
	(733, '2023-08-17 14:42:40.889796', '2023-08-17 14:42:40.889796', '고기만두', '발표', 950, 384, 'user999'),
	(734, '2023-08-17 14:42:41.024634', '2023-08-17 14:42:41.024634', '아이좋아', '공통프로젝ㅌ', 457, 384, 'user999'),
	(735, '2023-08-17 14:42:41.157991', '2023-08-17 14:42:41.157991', '감칠맛 진한 김치찌개', '발표', 815, 384, 'user999'),
	(736, '2023-08-17 14:42:41.288810', '2023-08-17 14:42:41.288810', '아이좋아', '발표', 460, 384, 'user999'),
	(737, '2023-08-17 14:42:41.420034', '2023-08-17 14:42:41.420034', '감칠맛 진한 김치찌개', '발표', 972, 384, 'user999'),
	(738, '2023-08-17 14:42:41.557371', '2023-08-17 14:42:41.557371', '고기만두', '발표', 612, 384, 'user999'),
	(739, '2023-08-17 14:42:41.686123', '2023-08-17 14:42:41.686123', '너무좋아', '빵빵아', 121, 384, 'user999'),
	(740, '2023-08-17 14:42:41.817159', '2023-08-17 14:42:41.817159', '아이좋아', '빵빵아', 567, 384, 'user999'),
	(741, '2023-08-17 14:42:41.947442', '2023-08-17 14:42:41.947442', '아이좋아', '제목', 593, 384, 'user999'),
	(742, '2023-08-17 14:42:42.073793', '2023-08-17 14:42:42.073793', '아이좋아', '오늘', 606, 384, 'user999'),
	(743, '2023-08-17 14:42:42.203648', '2023-08-17 14:42:42.203648', '너무좋아', '오늘', 799, 384, 'user999'),
	(744, '2023-08-17 14:42:42.330599', '2023-08-17 14:42:42.330599', '아이좋아', '빵빵아', 770, 384, 'user999'),
	(745, '2023-08-17 14:42:42.457967', '2023-08-17 14:42:42.457967', '고기만두', '빵빵아', 374, 384, 'user999'),
	(746, '2023-08-17 14:42:42.586700', '2023-08-17 14:42:42.586700', '너무좋아', '공통프로젝ㅌ', 418, 384, 'user999'),
	(747, '2023-08-17 14:42:42.713383', '2023-08-17 14:42:42.713383', '고기만두', '빵빵아', 173, 384, 'user999'),
	(748, '2023-08-17 14:42:42.856291', '2023-08-17 14:42:42.856291', '오늘 지나면 주말', '공통프로젝ㅌ', 586, 384, 'user999'),
	(749, '2023-08-17 14:42:42.990822', '2023-08-17 14:42:42.990822', '아이좋아', '공통프로젝ㅌ', 683, 384, 'user999'),
	(750, '2023-08-17 14:42:43.119678', '2023-08-17 14:42:43.119678', '너무좋아', '오늘', 231, 384, 'user999'),
	(751, '2023-08-17 14:42:43.254954', '2023-08-17 14:42:43.254954', '오늘 지나면 주말', '제목', 917, 384, 'user999'),
	(752, '2023-08-17 14:42:43.382117', '2023-08-17 14:42:43.382117', '아이좋아', '빵빵아', 921, 384, 'user999'),
	(753, '2023-08-17 14:42:43.511900', '2023-08-17 14:42:43.511900', '고기만두', '오늘', 947, 384, 'user999'),
	(754, '2023-08-17 14:42:43.637985', '2023-08-17 14:42:43.637985', '고기만두', '제목', 69, 384, 'user999'),
	(755, '2023-08-17 14:42:43.770770', '2023-08-17 14:42:43.770770', '너무좋아', '오늘', 173, 384, 'user999'),
	(756, '2023-08-17 14:42:43.901882', '2023-08-17 14:42:43.901882', '오늘 지나면 주말', '공통프로젝ㅌ', 823, 384, 'user999'),
	(757, '2023-08-17 14:42:44.034533', '2023-08-17 14:42:44.034533', '오늘 지나면 주말', '공통프로젝ㅌ', 950, 384, 'user999'),
	(758, '2023-08-17 14:42:44.170597', '2023-08-17 14:42:44.170597', '너무좋아', '제목', 131, 384, 'user999'),
	(759, '2023-08-17 14:42:44.303925', '2023-08-17 14:42:44.303925', '아이좋아', '오늘', 876, 384, 'user999'),
	(760, '2023-08-17 14:42:44.430175', '2023-08-17 14:42:44.430175', '오늘 지나면 주말', '제목', 700, 384, 'user999'),
	(761, '2023-08-17 14:42:44.562101', '2023-08-17 14:42:44.562101', '오늘 지나면 주말', '빵빵아', 291, 384, 'user999'),
	(762, '2023-08-17 14:42:44.694350', '2023-08-17 14:42:44.694350', '감칠맛 진한 김치찌개', '발표', 724, 384, 'user999'),
	(763, '2023-08-17 14:42:44.822234', '2023-08-17 14:42:44.822234', '고기만두', '오늘', 664, 384, 'user999'),
	(764, '2023-08-17 14:42:44.961059', '2023-08-17 14:42:44.961059', '너무좋아', '공통프로젝ㅌ', 130, 384, 'user999'),
	(765, '2023-08-17 14:42:45.090401', '2023-08-17 14:42:45.090401', '오늘 지나면 주말', '공통프로젝ㅌ', 688, 384, 'user999'),
	(766, '2023-08-17 14:42:45.222487', '2023-08-17 15:15:04.392897', '고기만두', '빵빵아', 988, 384, 'user999'),
	(767, '2023-08-17 14:42:45.349867', '2023-08-17 14:42:45.349867', '아이좋아', '발표', 175, 384, 'user999'),
	(768, '2023-08-17 14:42:45.481983', '2023-08-17 15:15:08.209135', '감칠맛 진한 김치찌개', '빵빵아', 247, 384, 'user999'),
	(769, '2023-08-17 14:42:45.613542', '2023-08-17 14:42:45.613542', '너무좋아', '빵빵아', 150, 384, 'user999'),
	(770, '2023-08-17 14:42:45.747262', '2023-08-17 14:42:45.747262', '감칠맛 진한 김치찌개', '오늘', 561, 384, 'user999'),
	(771, '2023-08-17 14:42:45.879508', '2023-08-17 14:42:45.879508', '아이좋아', '빵빵아', 728, 384, 'user999'),
	(772, '2023-08-17 14:42:46.003915', '2023-08-17 15:15:13.212220', '고기만두', '오늘', 774, 384, 'user999'),
	(773, '2023-08-17 14:42:46.135551', '2023-08-17 14:42:46.135551', '감칠맛 진한 김치찌개', '발표', 165, 384, 'user999'),
	(774, '2023-08-17 14:42:46.263307', '2023-08-17 15:15:19.545521', '너무좋아', '발표', 511, 384, 'user999'),
	(775, '2023-08-17 14:42:46.395811', '2023-08-17 14:42:46.395811', '고기만두', '빵빵아', 829, 384, 'user999'),
	(776, '2023-08-17 14:42:46.525570', '2023-08-17 14:42:46.525570', '감칠맛 진한 김치찌개', '오늘', 971, 384, 'user999'),
	(777, '2023-08-17 14:42:46.656234', '2023-08-17 14:42:46.656234', '너무좋아', '빵빵아', 392, 384, 'user999'),
	(778, '2023-08-17 14:42:46.788123', '2023-08-17 14:44:09.233157', '감칠맛 진한 김치찌개', '제목', 155, 384, 'user999'),
	(779, '2023-08-17 14:42:46.915683', '2023-08-17 14:42:46.915683', '오늘 지나면 주말', '제목', 671, 384, 'user999'),
	(780, '2023-08-17 14:42:47.046273', '2023-08-17 14:42:47.046273', '오늘 지나면 주말', '발표', 199, 384, 'user999'),
	(781, '2023-08-17 14:42:47.175055', '2023-08-17 14:42:47.175055', '고기만두', '공통프로젝ㅌ', 661, 384, 'user999'),
	(782, '2023-08-17 14:42:47.288981', '2023-08-17 14:42:47.288981', '오늘 지나면 주말', '빵빵아', 29, 384, 'user999'),
	(783, '2023-08-17 14:42:47.420981', '2023-08-17 14:42:47.420981', '감칠맛 진한 김치찌개', '발표', 967, 384, 'user999'),
	(784, '2023-08-17 14:42:47.540978', '2023-08-17 14:44:54.637009', '오늘 지나면 주말', '오늘', 261, 384, 'user999'),
	(785, '2023-08-17 14:42:47.658674', '2023-08-17 15:47:55.852822', '감칠맛 진한 김치찌개', '오늘', 384, 384, 'user999'),
	(812, '2023-08-17 15:05:06.208496', '2023-08-17 15:05:06.208496', '오늘의 기록', 'FeedTitle', 0, 66, 'ohamma'),
	(813, '2023-08-17 15:05:15.348280', '2023-08-17 15:05:15.348280', '오늘의 기록', 'FeedTitle', 0, 66, 'ohamma'),
	(814, '2023-08-17 15:05:21.909333', '2023-08-17 15:05:21.909333', '오늘의 기록', 'FeedTitle', 0, 66, 'ohamma'),
	(815, '2023-08-17 15:05:26.944046', '2023-08-17 15:05:26.944046', '오늘의 기록', 'FeedTitle', 0, 66, 'ohamma'),
	(816, '2023-08-17 15:05:31.796387', '2023-08-17 15:05:31.796387', '오늘의 기록', 'FeedTitle', 0, 66, 'ohamma'),
	(817, '2023-08-17 15:05:38.801687', '2023-08-17 15:05:38.801687', '오늘의 기록', 'FeedTitle', 0, 66, 'ohamma'),
	(818, '2023-08-17 15:05:43.854068', '2023-08-17 15:05:43.854068', '오늘의 기록', 'FeedTitle', 0, 66, 'ohamma'),
	(824, '2023-08-17 15:06:11.640797', '2023-08-17 15:06:11.640797', '성공이요!', 'FeedTitle', 0, 66, 'ohamma'),
	(825, '2023-08-17 15:06:25.144154', '2023-08-17 15:06:25.144154', '오늘의 기록', 'FeedTitle', 0, 66, 'ohamma'),
	(827, '2023-08-17 15:06:38.859155', '2023-08-17 15:06:38.859155', '백준 루비 가보자~', 'Title', 0, 4, 'crit12'),
	(831, '2023-08-17 15:06:56.322447', '2023-08-17 15:06:56.322447', '오늘의 기록', 'FeedTitle', 0, 66, 'ohamma'),
	(832, '2023-08-17 15:07:13.852299', '2023-08-17 15:07:13.852299', '오늘의 기록', 'FeedTitle', 0, 66, 'ohamma'),
	(864, '2023-08-17 15:37:50.934825', '2023-08-17 15:39:18.915775', '매번 할 때마다 무릎에서 뚝소리나고 다음날 너무 아프고 잘못하는 것 같은데 어떻게 해야하는 지 알려주실 분 있을까요?', '스쿼트는 어떻게 하나요?', 1, 384, 'so34so'),
	(865, '2023-08-17 15:40:39.998669', '2023-08-17 15:40:43.515084', '오늘 날씨가 좋아서 동네 한바퀴 걸었네요', '오늘의 운동', 1, 384, 'so34so'),
	(866, '2023-08-17 15:42:44.070597', '2023-08-17 15:47:19.060544', '몰라요', '러닝 뛸 만한 장소 모음', 2, 384, '2963926117'),
	(867, '2023-08-17 15:45:31.184649', '2023-08-17 19:00:54.783829', '맛있는 연어도 썰어주고 회파티하니까 좋네요', '오랜만에 친구만났어요', 3, 382, 'so34so'),
	(868, '2023-08-17 15:45:39.239850', '2023-08-17 15:55:41.239556', '알려줘요잉', '구미에 헬스장 어디가 좋죠?', 3, 384, '2963926117'),
	(869, '2023-08-17 15:46:07.759999', '2023-08-17 15:46:07.759999', '한강에 사람이 많았지만 그래도 행복한 시간이었네요', '한강나들이', 0, 382, 'so34so'),
	(870, '2023-08-17 15:47:05.765813', '2023-08-17 16:47:04.655609', '어때용?', '벌크업 식단 모음', 3, 384, 'ohamma'),
	(875, '2023-08-17 15:48:03.381186', '2023-08-17 17:30:33.724738', '열기구를 탔는데 정말 너무 좋은 시간이었어요', '해외여행갔어요', 2, 382, 'so34so'),
	(886, '2023-08-17 15:49:10.579236', '2023-08-17 17:31:23.364983', '다음 특화 프로젝트도 기대되네요 모두 파이팅해요 ', '공통프로젝트 너무 신나요', 1, 383, 'so34so'),
	(887, '2023-08-17 15:49:13.896866', '2023-08-17 21:05:37.071236', 'ㅇㅇ', '오늘의 운동 기록', 3, 382, 'ohamma'),
	(888, '2023-08-17 15:49:23.514023', '2023-08-17 17:32:01.625304', '저녁메뉴추천이란 뜻', '저메추', 5, 383, 'so34so'),
	(889, '2023-08-17 15:50:06.186516', '2023-08-17 17:54:56.730008', '수잔추', '고양이', 8, 381, 'jjh099'),
	(890, '2023-08-17 15:52:25.212041', '2023-08-17 15:54:39.953708', '진짜 귀여워요 최곱니다.', '우리집 고양이 보고가요', 4, 381, 'so34so'),
	(891, '2023-08-17 15:53:01.081494', '2023-08-17 19:40:30.810645', '아주 토실토실해요', '요즘 고양이가 제철입니다.', 5, 381, 'so34so'),
	(892, '2023-08-17 15:53:22.243282', '2023-08-17 20:39:17.360783', '아주 얌전하게 앉아있어요 너무 귀엽죠', '아지들이 얌전해요 정말', 10, 381, 'so34so'),
	(896, '2023-08-17 15:54:32.320681', '2023-08-17 21:05:47.560527', '이걸 진짜 열어보네;;;', '이기표 만난 썰 푼다.', 16, 382, '2921667152'),
	(897, '2023-08-17 15:54:35.611430', '2023-08-17 15:54:46.334858', '강아지가 행복해요', '행복해요', 2, 381, 'so34so'),
	(901, '2023-08-17 15:55:55.649186', '2023-08-17 20:30:05.213687', '믕믕', '우리집 강아지는 복슬강아쥐~~', 7, 381, '2921667152'),
	(902, '2023-08-17 15:57:16.560430', '2023-08-17 17:32:11.892104', '추천추천', '구미 맛집 추천', 4, 383, '2921667152'),
	(908, '2023-08-17 16:01:06.602614', '2023-08-17 17:32:14.703229', '목도리 벗는거 해냈어!!!', '해냈다 해냈어', 7, 383, 'so34so'),
	(913, '2023-08-17 16:25:37.125539', '2023-08-17 16:25:37.125539', '오늘 한 일 ', 'FeedTitle', 0, 66, 'crit12'),
	(955, '2023-08-17 20:04:41.307190', '2023-08-17 20:04:41.307190', '캘리퍼 짜앙', 'FeedTitle', 0, 66, 'crit12'),
	(968, '2023-08-17 20:30:41.220600', '2023-08-17 20:30:41.220600', '캘리퍼 짱이야', 'FeedTitle', 0, 66, 'crit12');

-- 테이블 s09p13d201.challenge 구조 내보내기
CREATE TABLE IF NOT EXISTS `challenge` (
  `challenge_id` bigint(20) NOT NULL,
  `cert` varchar(255) COLLATE utf8mb4_bin DEFAULT NULL,
  `challenge_status` varchar(255) COLLATE utf8mb4_bin DEFAULT NULL,
  `end_date` date DEFAULT NULL,
  `end_time` time DEFAULT NULL,
  `file_name` varchar(255) COLLATE utf8mb4_bin DEFAULT NULL,
  `file_path` varchar(255) COLLATE utf8mb4_bin DEFAULT NULL,
  `info` varchar(255) COLLATE utf8mb4_bin DEFAULT NULL,
  `money` int(11) NOT NULL,
  `name` varchar(255) COLLATE utf8mb4_bin DEFAULT NULL,
  `people` int(11) NOT NULL,
  `start_date` date DEFAULT NULL,
  `start_time` time DEFAULT NULL,
  `board_id` bigint(20) DEFAULT NULL,
  `category_challenge_id` bigint(20) DEFAULT NULL,
  `user_id` varchar(255) COLLATE utf8mb4_bin DEFAULT NULL,
  PRIMARY KEY (`challenge_id`),
  KEY `FKlhp54qsdj1r2wafes70sxagi3` (`board_id`),
  KEY `FKl8q8sv1n1995sipquccqr7qir` (`category_challenge_id`),
  KEY `FKq8acspc7u4hsl89y9sfq1hq27` (`user_id`),
  CONSTRAINT `FKl8q8sv1n1995sipquccqr7qir` FOREIGN KEY (`category_challenge_id`) REFERENCES `challenge_category` (`category_challenge_id`),
  CONSTRAINT `FKlhp54qsdj1r2wafes70sxagi3` FOREIGN KEY (`board_id`) REFERENCES `classification` (`id`),
  CONSTRAINT `FKq8acspc7u4hsl89y9sfq1hq27` FOREIGN KEY (`user_id`) REFERENCES `users` (`user_id`)
) ENGINE=InnoDB DEFAULT CHARSET=utf8mb4 COLLATE=utf8mb4_bin;

-- 테이블 데이터 s09p13d201.challenge:~11 rows (대략적) 내보내기
DELETE FROM `challenge`;
INSERT INTO `challenge` (`challenge_id`, `cert`, `challenge_status`, `end_date`, `end_time`, `file_name`, `file_path`, `info`, `money`, `name`, `people`, `start_date`, `start_time`, `board_id`, `category_challenge_id`, `user_id`) VALUES
	(3, 'WEBRTC', 'PROGRESS', '2023-08-30', '21:26:00', NULL, 'https://d3byqpylj7jy1e.cloudfront.net/challenge/dc72e75d-49d1-411a-ae4f-75695c06d7d7.코테.jpg', '코딩테스트 매일 들어오실분 ', 7000, '코딩테스트 준비', 7, '2023-08-15', '21:21:00', 4, 23, 'ohamma'),
	(6, 'PHOTO', 'PROGRESS', '2023-08-23', '07:00:00', NULL, 'https://d3byqpylj7jy1e.cloudfront.net/challenge/1275c56a-6635-4696-a32e-61e73e012cef.러닝.jpg', '오전마다 러닝 뛰실분 들어와주세요', 5000, '아침 러닝 ', 7, '2023-08-15', '06:30:00', 7, 2, 'ohamma'),
	(11, 'PHOTO', 'PROGRESS', '2023-09-09', '16:50:00', NULL, 'https://d3byqpylj7jy1e.cloudfront.net/challenge/ab0a9642-18c6-4389-9e8f-a81b32819b91.목.png', '목을 소중히 여깁시다.', 5000, '목 스트레칭', 6, '2023-08-13', '14:49:00', 12, 10, 'ohamma'),
	(14, 'WEBRTC', 'END', '2023-08-12', '17:00:00', NULL, 'https://d3byqpylj7jy1e.cloudfront.net/challenge/b461bb80-5ce0-41ab-a649-6d9d8092540b.스트레칭.jpg', '온몸을 풀어봅시다.', 7000, '전신 스트레칭', 7, '2023-08-03', '16:00:00', 15, 10, 'ohamma'),
	(17, 'PHOTO', 'END', '2023-07-31', '20:00:00', NULL, 'https://d3byqpylj7jy1e.cloudfront.net/challenge/d3694fd3-196f-4d0f-9708-7ef8b8b854c7.헬스.jpg', '저녁마다 매일 운동 인증해요', 5000, '60일 식스팩 완성', 6, '2023-06-01', '19:30:00', 18, 2, 'ohamma'),
	(20, 'PHOTO', 'WAIT', '2023-09-29', '17:30:00', NULL, 'https://d3byqpylj7jy1e.cloudfront.net/challenge/8a509d36-4226-4da9-8268-1a563d1fed5f.허리.jpg', '허리 수술비 많이 비싸요. \n허리 아껴 씁시다.', 3000, '허리 스트레칭 ', 6, '2023-09-21', '17:00:00', 21, 10, 'ohamma'),
	(24, 'WEBRTC', 'WAIT', '2023-09-08', '00:00:00', NULL, 'https://d3byqpylj7jy1e.cloudfront.net/challenge/9055a4aa-215e-4317-935f-f99886d2a4a4.오픽.jpg', '모두 원하는 점수를 얻어봐요!!\n인증은 칼 같이 하실 분만 와주세요', 5000, '오픽 고득점 목표', 6, '2023-08-24', '22:00:00', 25, 23, 'ohamma'),
	(34, 'WEBRTC', 'END', '2023-08-15', '07:00:00', NULL, 'https://d3byqpylj7jy1e.cloudfront.net/challenge/4bc773c5-943b-4e50-9c93-2dc40b95f397.새벽 책.jpg', '아침 일찍 독서 하실 분 같이 읽어봐요!!', 5000, '새벽 독서', 6, '2023-08-02', '06:00:00', 35, 33, 'ohamma'),
	(40, 'WEBRTC', 'WAIT', '2023-11-13', '22:00:00', NULL, 'https://d3byqpylj7jy1e.cloudfront.net/challenge/7c493580-09a0-4cb4-a2e4-ca0587cf2450.낭독회.jpg', '하루에 한 분씩 낭독회 해요!! ', 7000, '온라인 낭독회', 6, '2023-11-08', '21:30:00', 41, 33, 'ohamma'),
	(83, 'WEBRTC', 'WAIT', '2023-11-17', '21:10:00', NULL, 'https://d3byqpylj7jy1e.cloudfront.net/challenge/a2291c80-27b2-46c4-82d1-eedb4e4039a4.홈트.png', '저녁마다 홈트 하실 분 들어와주세요', 7000, '홈트레이닝', 6, '2023-11-03', '20:00:00', 84, 2, 'ohamma'),
	(90, 'WEBRTC', 'WAIT', '2023-09-29', '19:30:00', NULL, 'https://d3byqpylj7jy1e.cloudfront.net/challenge/5c442cbf-6b9d-4b12-9b59-f56d3dd05dfd.면접.jpg', 'IT 계열 면접 스터디입니다.\n매일 저녁마다 같이 해보아요!!', 5000, '면접 스터디', 4, '2023-09-21', '18:30:00', 91, 23, 'ohamma'),
	(971, 'WEBRTC', 'WAIT', '2023-08-31', '21:30:00', NULL, 'https://d3byqpylj7jy1e.cloudfront.net/challenge/79e4a768-e7d9-4a7c-b189-4b177e186c61.운동먼지.PNG', '더운 날 나가기 귀찮은 사람들!\n그렇다고 돼지로 살아갈 순 업지 않습니까!!\n집에서라도 운동을 합시다!!!', 3000, '홈트라도 합시다!', 6, '2023-08-24', '21:00:00', 972, 2, 'jjh099'),
	(975, 'WEBRTC', 'WAIT', '2023-08-30', '09:40:00', NULL, 'https://d3byqpylj7jy1e.cloudfront.net/challenge/be6e6406-24d7-42af-8a78-026d9404643f.운동먼지.PNG', '덥다고 안나가고\n춥다고 안나가고\n집에서라도 운동 합시다!', 3000, '홈트하자!', 5, '2023-08-26', '07:38:00', 976, 2, 'jjh099'),
	(986, 'WEBRTC', 'WAIT', '2023-08-31', '06:41:00', NULL, 'https://d3byqpylj7jy1e.cloudfront.net/challenge/5ba962f7-465f-4806-ad95-4c94ec59cacb.돈먼지.PNG', '제가 진짜 좋은 돈벌이가 있어서 공유하려고 방을 만들었습니다.\n저만 믿고 따라와주신다면 모두 부자가 될 수 있습니다.\n자세한 내용을 화상으로 알려드리겠습니다.', 5000, '돈을 벌자', 8, '2023-08-24', '06:11:00', 987, 23, 'jjh099'),
	(989, 'WEBRTC', 'WAIT', '2023-09-01', '13:11:00', NULL, 'https://d3byqpylj7jy1e.cloudfront.net/challenge/cd902758-55be-43f1-80b3-c3e14c9f3816.캘리퍼.png', '열정으로 불태울 사람', 3000, '자바 공부 합시다', 4, '2023-08-26', '11:11:00', 990, 23, 'crit12'),
	(997, 'PHOTO', 'WAIT', '2023-09-02', '19:36:00', NULL, 'https://d3byqpylj7jy1e.cloudfront.net/challenge/9384278d-7dd7-4859-bb24-4fcc836b631b.alonso-reyes-haZNHEV2WXQ-unsplash.jpg', '크루즈여행을 위한 무지출 챌린지 입니다.\n하루 지출내역을 인증하면서 마음을 다 잡읍시다.', 10000, '크루즈여행을 위한 무지출', 8, '2023-08-28', '19:06:00', 998, 23, 'jjh099'),
	(1004, 'PHOTO', 'WAIT', '2023-08-31', '02:17:00', NULL, 'https://d3byqpylj7jy1e.cloudfront.net/challenge/2682e8e6-a1d1-4a78-a1f0-df1568401597.React 로고.png', '리액트 공부 빡세게 할 사람 구합니다.', 5000, '리액트 공부', 6, '2023-08-25', '00:17:00', 1005, 23, 'jjh099'),
	(1009, 'WEBRTC', 'WAIT', '2023-09-03', '21:52:00', NULL, 'https://d3byqpylj7jy1e.cloudfront.net/challenge/7f92a2d4-be38-48b9-8071-143b5d50969f.CS로고.jpeg', 'cs공부', 10000, 'cs공부', 7, '2023-08-27', '21:22:00', 1010, 23, '2929865473');

-- 테이블 s09p13d201.challenge_category 구조 내보내기
CREATE TABLE IF NOT EXISTS `challenge_category` (
  `category_challenge_id` bigint(20) NOT NULL,
  `species` varchar(255) COLLATE utf8mb4_bin DEFAULT NULL,
  PRIMARY KEY (`category_challenge_id`)
) ENGINE=InnoDB DEFAULT CHARSET=utf8mb4 COLLATE=utf8mb4_bin;

-- 테이블 데이터 s09p13d201.challenge_category:~4 rows (대략적) 내보내기
DELETE FROM `challenge_category`;
INSERT INTO `challenge_category` (`category_challenge_id`, `species`) VALUES
	(2, '운동'),
	(10, '스트레칭'),
	(23, '공부'),
	(33, '독서');

-- 테이블 s09p13d201.challenge_user 구조 내보내기
CREATE TABLE IF NOT EXISTS `challenge_user` (
  `challenge_user_id` bigint(20) NOT NULL,
  `challenge_id` bigint(20) DEFAULT NULL,
  `user_id` varchar(255) COLLATE utf8mb4_bin DEFAULT NULL,
  PRIMARY KEY (`challenge_user_id`),
  KEY `FKmq23oqyd3s02abqo1pspisxg8` (`challenge_id`),
  KEY `FKkoths7lx1y4rngxo6fo4v24ah` (`user_id`),
  CONSTRAINT `FKkoths7lx1y4rngxo6fo4v24ah` FOREIGN KEY (`user_id`) REFERENCES `users` (`user_id`),
  CONSTRAINT `FKmq23oqyd3s02abqo1pspisxg8` FOREIGN KEY (`challenge_id`) REFERENCES `challenge` (`challenge_id`)
) ENGINE=InnoDB DEFAULT CHARSET=utf8mb4 COLLATE=utf8mb4_bin;

-- 테이블 데이터 s09p13d201.challenge_user:~23 rows (대략적) 내보내기
DELETE FROM `challenge_user`;
INSERT INTO `challenge_user` (`challenge_user_id`, `challenge_id`, `user_id`) VALUES
	(5, 3, 'ohamma'),
	(8, 6, 'ohamma'),
	(13, 11, 'ohamma'),
	(16, 14, 'ohamma'),
	(19, 17, 'ohamma'),
	(22, 20, 'ohamma'),
	(26, 24, 'ohamma'),
	(36, 34, 'ohamma'),
	(42, 40, 'ohamma'),
	(46, 3, 'crit12'),
	(47, 11, 'crit12'),
	(48, 17, 'crit12'),
	(49, 24, 'crit12'),
	(50, 14, 'crit12'),
	(51, 3, 'jjh099'),
	(85, 83, 'ohamma'),
	(86, 83, 'so34so'),
	(91, 3, 'giggle'),
	(92, 90, 'ohamma'),
	(93, 11, 'jjh099'),
	(94, 3, 'so34so'),
	(924, 24, '2963926117'),
	(926, 20, 'so34so'),
	(927, 24, 'so34so'),
	(930, 20, 'crit12'),
	(973, 971, 'jjh099'),
	(977, 975, 'jjh099'),
	(988, 986, 'jjh099'),
	(991, 989, 'crit12'),
	(999, 997, 'jjh099'),
	(1006, 1004, 'jjh099'),
	(1011, 1009, '2929865473');

-- 테이블 s09p13d201.classification 구조 내보내기
CREATE TABLE IF NOT EXISTS `classification` (
  `id` bigint(20) NOT NULL,
  `category` varchar(255) COLLATE utf8mb4_bin DEFAULT NULL,
  PRIMARY KEY (`id`)
) ENGINE=InnoDB DEFAULT CHARSET=utf8mb4 COLLATE=utf8mb4_bin;

-- 테이블 데이터 s09p13d201.classification:~16 rows (대략적) 내보내기
DELETE FROM `classification`;
INSERT INTO `classification` (`id`, `category`) VALUES
	(4, 'challenge_3'),
	(7, 'challenge_6'),
	(12, 'challenge_11'),
	(15, 'challenge_14'),
	(18, 'challenge_17'),
	(21, 'challenge_20'),
	(25, 'challenge_24'),
	(35, 'challenge_34'),
	(41, 'challenge_40'),
	(66, 'Feeds'),
	(84, 'challenge_83'),
	(91, 'challenge_90'),
	(381, '반려동물 게시판'),
	(382, '자랑게시판'),
	(383, '자유 게시판'),
	(384, '운동 게시판'),
	(972, 'challenge_971'),
	(976, 'challenge_975'),
	(987, 'challenge_986'),
	(990, 'challenge_989'),
	(998, 'challenge_997'),
	(1005, 'challenge_1004'),
	(1010, 'challenge_1009');

-- 테이블 s09p13d201.comment 구조 내보내기
CREATE TABLE IF NOT EXISTS `comment` (
  `id` bigint(20) NOT NULL,
  `created_date` datetime(6) DEFAULT NULL,
  `modified_date` datetime(6) DEFAULT NULL,
  `content` varchar(255) COLLATE utf8mb4_bin NOT NULL,
  `board_id` bigint(20) DEFAULT NULL,
  `user_id` varchar(255) COLLATE utf8mb4_bin DEFAULT NULL,
  PRIMARY KEY (`id`),
  KEY `FKlij9oor1nav89jeat35s6kbp1` (`board_id`),
  KEY `FKqm52p1v3o13hy268he0wcngr5` (`user_id`),
  CONSTRAINT `FKlij9oor1nav89jeat35s6kbp1` FOREIGN KEY (`board_id`) REFERENCES `board` (`id`) ON DELETE CASCADE,
  CONSTRAINT `FKqm52p1v3o13hy268he0wcngr5` FOREIGN KEY (`user_id`) REFERENCES `users` (`user_id`) ON DELETE CASCADE
) ENGINE=InnoDB DEFAULT CHARSET=utf8mb4 COLLATE=utf8mb4_bin;

-- 테이블 데이터 s09p13d201.comment:~9 rows (대략적) 내보내기
DELETE FROM `comment`;
INSERT INTO `comment` (`id`, `created_date`, `modified_date`, `content`, `board_id`, `user_id`) VALUES
	(894, '2023-08-17 15:53:51.511831', '2023-08-17 15:53:51.511831', '수잔이 너무 이뻐요~~', 889, 'jjh099'),
	(898, '2023-08-17 15:54:39.706595', '2023-08-17 15:54:39.706595', '정말 귀엽네요', 890, 'jjh099'),
	(912, '2023-08-17 16:25:04.048297', '2023-08-17 16:25:04.048297', '너무 귀여워요!', 908, 'crit12'),
	(920, '2023-08-17 16:35:52.936978', '2023-08-17 16:35:52.936978', '헉!', 896, 'crit12'),
	(932, '2023-08-17 16:52:09.088252', '2023-08-17 16:52:09.088252', '너무 좋아요!', 680, 'crit12'),
	(938, '2023-08-17 17:30:53.648392', '2023-08-17 17:30:53.648392', '와; 이기표', 896, 'hothot'),
	(939, '2023-08-17 17:31:15.770140', '2023-08-17 17:31:15.770140', '하루만 목도리가 되고싶다', 908, 'hothot'),
	(943, '2023-08-17 17:32:11.626799', '2023-08-17 17:32:11.626799', '아지매 김밥 천국!!', 902, 'hothot'),
	(950, '2023-08-17 19:40:20.274598', '2023-08-17 19:40:20.274598', '제가 친애하는 조 가의 경호군이랑 닮았네요 ^^', 892, 'hothot'),
	(954, '2023-08-17 20:04:11.120043', '2023-08-17 20:04:11.120043', '기표 짱짱', 896, 'crit12'),
	(957, '2023-08-17 20:05:52.679723', '2023-08-17 20:05:52.679723', '이게 뭔가요 ;;', 901, 'crit12'),
	(967, '2023-08-17 20:30:04.940061', '2023-08-17 20:30:04.940061', '너무 귀여워요!', 901, 'crit12'),
	(978, '2023-08-17 20:39:16.915746', '2023-08-17 20:39:16.915746', 'ㅍㅎㄱㅍㄱㅎ', 892, 'crit12');

-- 테이블 s09p13d201.follow 구조 내보내기
CREATE TABLE IF NOT EXISTS `follow` (
  `follow_id` bigint(20) NOT NULL,
  `follower_id` varchar(255) COLLATE utf8mb4_bin DEFAULT NULL,
  `following_id` varchar(255) COLLATE utf8mb4_bin DEFAULT NULL,
  PRIMARY KEY (`follow_id`),
  KEY `FKjikg34txcxnhcky26w14fvfcc` (`follower_id`),
  KEY `FK9oqsjovu9bl95dwt8ibiy2oey` (`following_id`),
  CONSTRAINT `FK9oqsjovu9bl95dwt8ibiy2oey` FOREIGN KEY (`following_id`) REFERENCES `users` (`user_id`),
  CONSTRAINT `FKjikg34txcxnhcky26w14fvfcc` FOREIGN KEY (`follower_id`) REFERENCES `users` (`user_id`)
) ENGINE=InnoDB DEFAULT CHARSET=utf8mb4 COLLATE=utf8mb4_bin;

-- 테이블 데이터 s09p13d201.follow:~14 rows (대략적) 내보내기
DELETE FROM `follow`;
INSERT INTO `follow` (`follow_id`, `follower_id`, `following_id`) VALUES
	(876, 'crit12', 'user0'),
	(878, 'crit12', 'user2'),
	(880, 'user0', 'crit12'),
	(881, 'user1', 'crit12'),
	(882, 'user2', 'crit12'),
	(884, 'user4', 'crit12'),
	(885, 'user5', 'crit12'),
	(905, 'ohamma', 'crit12'),
	(906, '2921667152', 'ohamma'),
	(907, '2921667152', 'so34so'),
	(918, 'so34so', 'crit12'),
	(948, 'hothot', 'crit12'),
	(979, 'crit12', 'user1'),
	(1007, 'crit12', 'ohamma');

-- 테이블 s09p13d201.hash_tag 구조 내보내기
CREATE TABLE IF NOT EXISTS `hash_tag` (
  `hashtag_id` bigint(20) NOT NULL,
  `hash_tag` varchar(255) COLLATE utf8mb4_bin DEFAULT NULL,
  PRIMARY KEY (`hashtag_id`)
) ENGINE=InnoDB DEFAULT CHARSET=utf8mb4 COLLATE=utf8mb4_bin;

-- 테이블 데이터 s09p13d201.hash_tag:~22 rows (대략적) 내보내기
DELETE FROM `hash_tag`;
INSERT INTO `hash_tag` (`hashtag_id`, `hash_tag`) VALUES
	(28, 'adsads'),
	(31, 'klkl'),
	(38, '#Shorts #hashTag #Best #Crit'),
	(793, '공부'),
	(795, ' 영어'),
	(798, '영어'),
	(800, ' 공부'),
	(805, ' 채점'),
	(808, '스트레칭'),
	(810, '허리'),
	(820, '운동'),
	(822, '키크기'),
	(829, '운동 #키크기'),
	(834, '스트레칭 #굽은등'),
	(838, '오픽 #영어 #공부'),
	(841, '독서 #추천'),
	(845, 'study'),
	(848, '공부 파이팅'),
	(851, '스트레칭 허리'),
	(854, '코딩 공부'),
	(858, '공부 코딩 파이썬'),
	(862, ' 자세 교정'),
	(1001, 'aasd');

-- 테이블 s09p13d201.hash_tag_shorts 구조 내보내기
CREATE TABLE IF NOT EXISTS `hash_tag_shorts` (
  `id` bigint(20) NOT NULL,
  `hashtag_id` bigint(20) DEFAULT NULL,
  `shorts_id` bigint(20) DEFAULT NULL,
  PRIMARY KEY (`id`),
  KEY `FKn8a2udecoif91ded0g0la3qnm` (`hashtag_id`),
  KEY `FK5et4l7kyhfcqgs0xtevyt0qu6` (`shorts_id`),
  CONSTRAINT `FK5et4l7kyhfcqgs0xtevyt0qu6` FOREIGN KEY (`shorts_id`) REFERENCES `shorts` (`id`),
  CONSTRAINT `FKn8a2udecoif91ded0g0la3qnm` FOREIGN KEY (`hashtag_id`) REFERENCES `hash_tag` (`hashtag_id`)
) ENGINE=InnoDB DEFAULT CHARSET=utf8mb4 COLLATE=utf8mb4_bin;

-- 테이블 데이터 s09p13d201.hash_tag_shorts:~21 rows (대략적) 내보내기
DELETE FROM `hash_tag_shorts`;
INSERT INTO `hash_tag_shorts` (`id`, `hashtag_id`, `shorts_id`) VALUES
	(39, 38, 37),
	(794, 793, 792),
	(796, 795, 792),
	(799, 798, 797),
	(801, 800, 797),
	(804, 793, 803),
	(806, 805, 803),
	(809, 808, 807),
	(811, 810, 807),
	(830, 829, 828),
	(835, 834, 833),
	(839, 838, 837),
	(842, 841, 840),
	(844, 793, 843),
	(846, 845, 843),
	(849, 848, 847),
	(852, 851, 850),
	(855, 854, 853),
	(859, 858, 857),
	(861, 808, 860),
	(863, 862, 860),
	(963, 38, 962);

-- 테이블 s09p13d201.hibernate_sequence 구조 내보내기
CREATE TABLE IF NOT EXISTS `hibernate_sequence` (
  `next_val` bigint(20) DEFAULT NULL
) ENGINE=InnoDB DEFAULT CHARSET=utf8mb4 COLLATE=utf8mb4_bin;

-- 테이블 데이터 s09p13d201.hibernate_sequence:~1 rows (대략적) 내보내기
DELETE FROM `hibernate_sequence`;
INSERT INTO `hibernate_sequence` (`next_val`) VALUES
	(1012);

-- 테이블 s09p13d201.is_cert 구조 내보내기
CREATE TABLE IF NOT EXISTS `is_cert` (
  `is_cert_id` bigint(20) NOT NULL,
  `absent_time` time DEFAULT NULL,
  `cert_time` datetime(6) DEFAULT NULL,
  `file_path` varchar(255) COLLATE utf8mb4_bin DEFAULT NULL,
  `is_certified` bit(1) NOT NULL DEFAULT b'0',
  `is_finished` bit(1) NOT NULL DEFAULT b'0',
  `percentage` varchar(255) COLLATE utf8mb4_bin DEFAULT NULL,
  `presence_time` time DEFAULT NULL,
  `challenge_id` bigint(20) DEFAULT NULL,
  `user_id` varchar(255) COLLATE utf8mb4_bin DEFAULT NULL,
  PRIMARY KEY (`is_cert_id`),
  KEY `FKpf00vdbapgf7j9tcsbv954hw1` (`challenge_id`),
  KEY `FKcpwps3c2lhb2bg4imvxr6dftk` (`user_id`),
  CONSTRAINT `FKcpwps3c2lhb2bg4imvxr6dftk` FOREIGN KEY (`user_id`) REFERENCES `users` (`user_id`),
  CONSTRAINT `FKpf00vdbapgf7j9tcsbv954hw1` FOREIGN KEY (`challenge_id`) REFERENCES `challenge` (`challenge_id`)
) ENGINE=InnoDB DEFAULT CHARSET=utf8mb4 COLLATE=utf8mb4_bin;

-- 테이블 데이터 s09p13d201.is_cert:~13 rows (대략적) 내보내기
DELETE FROM `is_cert`;
INSERT INTO `is_cert` (`is_cert_id`, `absent_time`, `cert_time`, `file_path`, `is_certified`, `is_finished`, `percentage`, `presence_time`, `challenge_id`, `user_id`) VALUES
	(1, NULL, '2023-08-15 15:20:00.000000', NULL, b'1', b'0', NULL, NULL, 3, 'crit12'),
	(2, NULL, '2023-08-16 15:20:00.000000', NULL, b'1', b'0', NULL, NULL, 3, 'crit12'),
	(3, '00:00:07', '2023-08-17 17:50:03.509164', NULL, b'1', b'0', '97.7', '00:04:53', 3, 'crit12'),
	(4, '00:00:00', '2023-08-17 14:39:26.482288', NULL, b'1', b'0', '100.0', '00:01:17', 3, 'jjh099'),
	(5, '00:00:49', '2023-08-17 21:26:10.719451', NULL, b'0', b'0', '83.7', '00:04:11', 3, 'ohamma'),
	(6, NULL, '2023-08-17 14:49:08.636460', NULL, b'1', b'0', NULL, NULL, 11, 'jjh099'),
	(7, NULL, '2023-08-17 00:00:00.000000', NULL, b'0', b'0', NULL, NULL, 11, 'ohamma'),
	(8, NULL, '2023-08-17 00:00:00.000000', NULL, b'0', b'0', NULL, NULL, 11, 'jjh099'),
	(9, NULL, '2023-08-17 16:17:51.173079', NULL, b'1', b'0', NULL, NULL, 11, 'crit12'),
	(10, NULL, '2023-08-13 00:00:00.000000', NULL, b'1', b'0', NULL, NULL, 11, 'crit12'),
	(11, NULL, '2023-08-14 00:00:00.000000', NULL, b'1', b'0', NULL, NULL, 11, 'crit12'),
	(12, NULL, '2023-08-15 00:00:00.000000', NULL, b'1', b'0', NULL, NULL, 11, 'crit12'),
	(13, NULL, '2023-08-16 00:00:00.000000', NULL, b'1', b'0', NULL, NULL, 11, 'crit12'),
	(14, NULL, '2023-08-16 00:00:00.000000', NULL, b'1', b'0', NULL, NULL, 3, 'giggle'),
	(15, NULL, '2023-08-16 00:00:00.000000', NULL, b'1', b'0', NULL, NULL, 3, 'so34so');

-- 테이블 s09p13d201.like_table 구조 내보내기
CREATE TABLE IF NOT EXISTS `like_table` (
  `id` bigint(20) NOT NULL,
  `board_id` bigint(20) DEFAULT NULL,
  `user_user_id` varchar(255) COLLATE utf8mb4_bin DEFAULT NULL,
  PRIMARY KEY (`id`),
  KEY `FKrmwvl4srob28j21wl9f9mbtq2` (`board_id`),
  KEY `FKf6a20sk14xgpa7jbaw216e2xn` (`user_user_id`),
  CONSTRAINT `FKf6a20sk14xgpa7jbaw216e2xn` FOREIGN KEY (`user_user_id`) REFERENCES `users` (`user_id`),
  CONSTRAINT `FKrmwvl4srob28j21wl9f9mbtq2` FOREIGN KEY (`board_id`) REFERENCES `board` (`id`)
) ENGINE=InnoDB DEFAULT CHARSET=utf8mb4 COLLATE=utf8mb4_bin;

-- 테이블 데이터 s09p13d201.like_table:~20 rows (대략적) 내보내기
DELETE FROM `like_table`;
INSERT INTO `like_table` (`id`, `board_id`, `user_user_id`) VALUES
	(786, 778, 'crit12'),
	(836, 510, 'crit12'),
	(871, 870, 'ohamma'),
	(872, 866, 'ohamma'),
	(873, 868, 'ohamma'),
	(874, 785, 'ohamma'),
	(893, 889, 'jjh099'),
	(895, 890, 'jjh099'),
	(900, 896, 'ohamma'),
	(903, 888, '2921667152'),
	(911, 908, 'crit12'),
	(931, 680, 'crit12'),
	(940, 578, 'hothot'),
	(941, 888, 'hothot'),
	(942, 902, 'hothot'),
	(946, 867, 'hothot'),
	(951, 891, 'hothot'),
	(966, 901, 'crit12'),
	(969, 827, 'jjh099'),
	(1003, 896, 'hothot');

-- 테이블 s09p13d201.member 구조 내보내기
CREATE TABLE IF NOT EXISTS `member` (
  `id` bigint(20) NOT NULL,
  `membername` varchar(255) COLLATE utf8mb4_bin NOT NULL,
  `name` varchar(255) COLLATE utf8mb4_bin NOT NULL,
  `password` varchar(255) COLLATE utf8mb4_bin NOT NULL,
  PRIMARY KEY (`id`),
  UNIQUE KEY `UK_3ajsr91pbr17vemhifh1hdcqw` (`membername`),
  UNIQUE KEY `UK_9esvgikrmti1v7ci6v453imdc` (`name`)
) ENGINE=InnoDB DEFAULT CHARSET=utf8mb4 COLLATE=utf8mb4_bin;

-- 테이블 데이터 s09p13d201.member:~0 rows (대략적) 내보내기
DELETE FROM `member`;

-- 테이블 s09p13d201.message 구조 내보내기
CREATE TABLE IF NOT EXISTS `message` (
  `id` bigint(20) NOT NULL AUTO_INCREMENT,
  `content` varchar(255) COLLATE utf8mb4_bin NOT NULL,
  `deleted_by_receiver` bit(1) NOT NULL,
  `deleted_by_sender` bit(1) NOT NULL,
  `title` varchar(255) COLLATE utf8mb4_bin NOT NULL,
  `receiver_id` varchar(255) COLLATE utf8mb4_bin DEFAULT NULL,
  `sender_id` varchar(255) COLLATE utf8mb4_bin DEFAULT NULL,
  PRIMARY KEY (`id`),
  KEY `FK9a25x9o5r7wguarxeon2a9tmr` (`receiver_id`),
  KEY `FKbi5avhe69aol2mb1lnm6r4o2p` (`sender_id`),
  CONSTRAINT `FK9a25x9o5r7wguarxeon2a9tmr` FOREIGN KEY (`receiver_id`) REFERENCES `users` (`user_id`),
  CONSTRAINT `FKbi5avhe69aol2mb1lnm6r4o2p` FOREIGN KEY (`sender_id`) REFERENCES `users` (`user_id`)
) ENGINE=InnoDB AUTO_INCREMENT=18 DEFAULT CHARSET=utf8mb4 COLLATE=utf8mb4_bin;

-- 테이블 데이터 s09p13d201.message:~12 rows (대략적) 내보내기
DELETE FROM `message`;
INSERT INTO `message` (`id`, `content`, `deleted_by_receiver`, `deleted_by_sender`, `title`, `receiver_id`, `sender_id`) VALUES
	(1, '코테 하는거 봤는데 너무 집중을 잘하시는거 같아요', b'0', b'0', '코테공부파이팅!!', 'ohamma', 'so34so'),
	(2, '열심히 해서 좋은 기업 갑시다.', b'0', b'0', '그 쪽도 잘 하시더라구요', 'so34so', 'ohamma'),
	(3, 'fdas', b'0', b'0', 'fdas', 'user0', 'crit12'),
	(4, '좋았어~', b'0', b'0', '안녕?', 'ohamma', 'crit12'),
	(5, '영어공부 숏챌이 너무 유익해서 메시지 보내요  앞으로도 좋은 영상 많이 올려주세요', b'0', b'0', '안녕하세요', 'crit12', 'so34so'),
	(6, '코딩테스트 준비하실 생각 없으세요?\n챌린지 같이 해봐요!!\n', b'0', b'0', '안녕하세요?', 'crit12', 'ohamma'),
	(7, '진짜 좋아요!', b'0', b'0', 'crit 칭찬 건에 대하여', 'ohamma', '2921667152'),
	(8, '아침마다 러닝 뛰어요!!\n\n챌린지 같이 합시다.', b'0', b'0', '챌린지 같이 해요!!', 'crit12', '2963926117'),
	(9, '낼 저녁에 치맥하자!', b'0', b'0', '치맥하자!', 'so34so', '2921667152'),
	(10, '열심히 좀 하자', b'0', b'0', '안녕?', 'ohamma', 'crit12'),
	(11, '혹시 마동석님 이신가요?!?!?', b'0', b'0', '혹시 마동석..?', 'ohamma', '2921667152'),
	(12, '안녕하세요 마동석님', b'0', b'0', '안녕?', 'ohamma', 'crit12'),
	(13, '안녕핳세요~~!', b'0', b'0', '안녕하세요?', 'ohamma', 'crit12'),
	(14, 'ㅇㄷㄷ', b'0', b'0', 'ㅇㄷ', 'user1', 'crit12'),
	(15, 'ㅇㅇ', b'0', b'0', 'ㅇㅇ', 'user1', 'crit12'),
	(16, '안녕', b'0', b'0', '안녕', 'ohamma', 'crit12'),
	(17, 'ㅎㅇㅎㅇ', b'0', b'0', 'ㅎㅇ', 'user1', 'crit12');

-- 테이블 s09p13d201.pay 구조 내보내기
CREATE TABLE IF NOT EXISTS `pay` (
  `pay_id` bigint(20) NOT NULL,
  `created_date` datetime(6) DEFAULT NULL,
  `modified_date` datetime(6) DEFAULT NULL,
  `price` int(11) NOT NULL,
  `user_id` varchar(255) COLLATE utf8mb4_bin DEFAULT NULL,
  PRIMARY KEY (`pay_id`),
  KEY `FKa57mufyq98vsxxmv0hok89uio` (`user_id`),
  CONSTRAINT `FKa57mufyq98vsxxmv0hok89uio` FOREIGN KEY (`user_id`) REFERENCES `users` (`user_id`)
) ENGINE=InnoDB DEFAULT CHARSET=utf8mb4 COLLATE=utf8mb4_bin;

-- 테이블 데이터 s09p13d201.pay:~6 rows (대략적) 내보내기
DELETE FROM `pay`;
INSERT INTO `pay` (`pay_id`, `created_date`, `modified_date`, `price`, `user_id`) VALUES
	(1, '2023-08-17 13:22:00.762205', '2023-08-17 13:22:00.762205', 100000, 'ohamma'),
	(45, '2023-08-17 14:03:41.390113', '2023-08-17 14:03:41.390113', 80000, 'crit12'),
	(53, '2023-08-17 14:08:05.181875', '2023-08-17 14:08:05.181875', 1000000, 'so34so'),
	(921, '2023-08-17 16:36:28.513972', '2023-08-17 16:36:28.513972', 123123, '2963926117'),
	(925, '2023-08-17 16:37:19.959227', '2023-08-17 16:37:19.959227', 50000, 'crit12'),
	(935, '2023-08-17 16:53:34.032380', '2023-08-17 16:53:34.032380', 3000, 'crit12'),
	(958, '2023-08-17 20:06:31.426732', '2023-08-17 20:06:31.426732', 3000, 'crit12'),
	(970, '2023-08-17 20:35:46.254935', '2023-08-17 20:35:46.254935', 1000000, 'jjh099'),
	(980, '2023-08-17 20:41:23.732749', '2023-08-17 20:41:23.732749', 30000, 'crit12'),
	(985, '2023-08-17 20:48:22.798590', '2023-08-17 20:48:22.798590', 80000, 'crit12'),
	(996, '2023-08-17 21:03:15.087737', '2023-08-17 21:03:15.087737', 40000, 'hothot'),
	(1008, '2023-08-17 21:19:44.183951', '2023-08-17 21:19:44.183951', 1000000, '2929865473');

-- 테이블 s09p13d201.shorts 구조 내보내기
CREATE TABLE IF NOT EXISTS `shorts` (
  `id` bigint(20) NOT NULL,
  `created_date` datetime(6) DEFAULT NULL,
  `modified_date` datetime(6) DEFAULT NULL,
  `content` varchar(255) COLLATE utf8mb4_bin DEFAULT NULL,
  `likes` int(11) NOT NULL DEFAULT 0,
  `shorts_name` varchar(255) COLLATE utf8mb4_bin DEFAULT NULL,
  `shorts_url` varchar(255) COLLATE utf8mb4_bin DEFAULT NULL,
  `thumbnail_url` varchar(255) COLLATE utf8mb4_bin DEFAULT NULL,
  `title` varchar(255) COLLATE utf8mb4_bin DEFAULT NULL,
  `views` int(11) NOT NULL DEFAULT 0,
  `user_id` varchar(255) COLLATE utf8mb4_bin DEFAULT NULL,
  PRIMARY KEY (`id`),
  KEY `FKko9t6b1tiit0c1yj5fyty95ub` (`user_id`),
  CONSTRAINT `FKko9t6b1tiit0c1yj5fyty95ub` FOREIGN KEY (`user_id`) REFERENCES `users` (`user_id`)
) ENGINE=InnoDB DEFAULT CHARSET=utf8mb4 COLLATE=utf8mb4_bin;

-- 테이블 데이터 s09p13d201.shorts:~15 rows (대략적) 내보내기
DELETE FROM `shorts`;
INSERT INTO `shorts` (`id`, `created_date`, `modified_date`, `content`, `likes`, `shorts_name`, `shorts_url`, `thumbnail_url`, `title`, `views`, `user_id`) VALUES
	(37, '2023-08-17 13:45:55.490339', '2023-08-17 19:01:49.703476', '나는 열심히 달리기를 하고 있습니다.', 2, 'https://d3byqpylj7jy1e.cloudfront.net/shorts/8e0528be-386f-4212-8f6d-e166e2249451.Snaptik.app_7066094362911853830.mp4', 'https://d3byqpylj7jy1e.cloudfront.net/shorts/8e0528be-386f-4212-8f6d-e166e2249451.Snaptik.app_7066094362911853830.mp4', 'https://d3byqpylj7jy1e.cloudfront.net/thumbnail/55d214a5-a4b1-41fd-a6db-b1df65c4a040Thumbnail.png', '이게 나야', 18, 'crit12'),
	(792, '2023-08-17 15:01:08.760428', '2023-08-17 20:17:24.014701', '영어 공부 일상', 1, 'https://d3byqpylj7jy1e.cloudfront.net/shorts/5aadd3eb-84e3-4c7d-8855-11565c4ecf8d.Snaptik.app_6940605425326787841.mp4', 'https://d3byqpylj7jy1e.cloudfront.net/shorts/5aadd3eb-84e3-4c7d-8855-11565c4ecf8d.Snaptik.app_6940605425326787841.mp4', 'https://d3byqpylj7jy1e.cloudfront.net/thumbnail/c49fb0d5-473e-4a26-bacc-dde37ccf2e68Thumbnail.png', '일상 공부 하기', 8, 'ohamma'),
	(797, '2023-08-17 15:01:30.724140', '2023-08-17 20:17:19.322008', '영어 공부하기', 1, 'https://d3byqpylj7jy1e.cloudfront.net/shorts/d5bceca8-e5c7-4633-98f9-bca487e0a073.Snaptik.app_7188807465000094977.mp4', 'https://d3byqpylj7jy1e.cloudfront.net/shorts/d5bceca8-e5c7-4633-98f9-bca487e0a073.Snaptik.app_7188807465000094977.mp4', 'https://d3byqpylj7jy1e.cloudfront.net/thumbnail/d1c8ae92-7e68-416d-9e6e-08255598801aThumbnail.png', '영어 학습', 8, 'ohamma'),
	(803, '2023-08-17 15:02:54.495669', '2023-08-17 20:17:40.536407', '대단하죠?', 0, 'https://d3byqpylj7jy1e.cloudfront.net/shorts/aa7663c2-3b66-46a0-84a8-06901d9eac1e.Snaptik.app_7124686677989215489.mp4', 'https://d3byqpylj7jy1e.cloudfront.net/shorts/aa7663c2-3b66-46a0-84a8-06901d9eac1e.Snaptik.app_7124686677989215489.mp4', 'https://d3byqpylj7jy1e.cloudfront.net/thumbnail/97d4f406-f940-45a0-8528-7d9f0651e0dfThumbnail.png', '채점 기록', 7, 'ohamma'),
	(807, '2023-08-17 15:04:22.787519', '2023-08-17 20:17:26.385897', '교정 정보 공유해보아요 ^^', 0, 'https://d3byqpylj7jy1e.cloudfront.net/shorts/d16fe443-38ae-4998-9ac4-109c9885521a.Snaptik.app_6797643374863502593.mp4', 'https://d3byqpylj7jy1e.cloudfront.net/shorts/d16fe443-38ae-4998-9ac4-109c9885521a.Snaptik.app_6797643374863502593.mp4', 'https://d3byqpylj7jy1e.cloudfront.net/thumbnail/22b3a76b-4c0a-44b9-ac69-73b156cddaf4Thumbnail.png', '자세 교정', 5, 'ohamma'),
	(828, '2023-08-17 15:06:40.727207', '2023-08-17 17:07:55.707479', '우리 모두 숨어있는 키를 찾아요', 0, 'https://d3byqpylj7jy1e.cloudfront.net/shorts/932d3299-c1c3-4859-ba9e-b90d0c459af2.Snaptik.app_7258609656816356609.mp4', 'https://d3byqpylj7jy1e.cloudfront.net/shorts/932d3299-c1c3-4859-ba9e-b90d0c459af2.Snaptik.app_7258609656816356609.mp4', 'https://d3byqpylj7jy1e.cloudfront.net/thumbnail/cd334d76-95c7-4492-9786-c3b1ff2613b6Thumbnail.png', '키크는 운동', 4, 'so34so'),
	(833, '2023-08-17 15:08:15.490255', '2023-08-17 15:08:22.059403', '허리를 펴보아요', 0, 'https://d3byqpylj7jy1e.cloudfront.net/shorts/f25d7775-0881-492c-9c78-42fda0a365d4.Snaptik.app_7262668264772259080.mp4', 'https://d3byqpylj7jy1e.cloudfront.net/shorts/f25d7775-0881-492c-9c78-42fda0a365d4.Snaptik.app_7262668264772259080.mp4', 'https://d3byqpylj7jy1e.cloudfront.net/thumbnail/062e1074-0521-49e6-96e9-c0c7321bf5ebThumbnail.png', '굽은등 없애기', 1, 'so34so'),
	(837, '2023-08-17 15:11:43.129175', '2023-08-17 19:03:59.189840', '파이팅!!!', 0, 'https://d3byqpylj7jy1e.cloudfront.net/shorts/0bb50428-4155-4ff8-bc6a-97310c234360.Snaptik.app_7255153766024908038.mp4', 'https://d3byqpylj7jy1e.cloudfront.net/shorts/0bb50428-4155-4ff8-bc6a-97310c234360.Snaptik.app_7255153766024908038.mp4', 'https://d3byqpylj7jy1e.cloudfront.net/thumbnail/8579ffd6-e35b-4d01-827d-fde7523a331eThumbnail.png', '오픽공부해요', 2, 'so34so'),
	(840, '2023-08-17 15:13:57.911873', '2023-08-17 16:37:18.066041', '너무 재밌는 책이에요 꼭 읽어보세요', 1, 'https://d3byqpylj7jy1e.cloudfront.net/shorts/f534d35c-f0e3-407b-92f4-9a755e38c47d.Snaptik.app_7098986891235659009.mp4', 'https://d3byqpylj7jy1e.cloudfront.net/shorts/f534d35c-f0e3-407b-92f4-9a755e38c47d.Snaptik.app_7098986891235659009.mp4', 'https://d3byqpylj7jy1e.cloudfront.net/thumbnail/c9d890f6-0557-41aa-a55f-c469762eb84eThumbnail.png', '책 추천!!', 4, 'so34so'),
	(843, '2023-08-17 15:18:31.319258', '2023-08-17 20:17:14.747213', '같이 공부해요', 0, 'https://d3byqpylj7jy1e.cloudfront.net/shorts/f68840a9-b0c9-4775-82d3-1b5543acdf2d.Snaptik.app_7068918191782776065.mp4', 'https://d3byqpylj7jy1e.cloudfront.net/shorts/f68840a9-b0c9-4775-82d3-1b5543acdf2d.Snaptik.app_7068918191782776065.mp4', 'https://d3byqpylj7jy1e.cloudfront.net/thumbnail/d877c5a3-7fd5-43af-bc27-70a3d97a1e11Thumbnail.png', 'study with me', 8, 'so34so'),
	(847, '2023-08-17 15:21:52.252700', '2023-08-17 20:05:25.941152', '좀 더 열심히 아자아자', 0, 'https://d3byqpylj7jy1e.cloudfront.net/shorts/9cb79217-2465-4a6d-8cd6-c54ed613825a.Snaptik.app_7153802111271193898.mp4', 'https://d3byqpylj7jy1e.cloudfront.net/shorts/9cb79217-2465-4a6d-8cd6-c54ed613825a.Snaptik.app_7153802111271193898.mp4', 'https://d3byqpylj7jy1e.cloudfront.net/thumbnail/40385342-b032-46d2-88f3-15c5dd4baccdThumbnail.png', '파이팅파이팅', 1, 'so34so'),
	(850, '2023-08-17 15:23:16.821653', '2023-08-17 19:03:51.166081', '허리치료비 어마어마하니 미리 조심해요', 1, 'https://d3byqpylj7jy1e.cloudfront.net/shorts/38a144c9-6304-4761-a065-e37084a08606.Snaptik.app_6837740741805018370.mp4', 'https://d3byqpylj7jy1e.cloudfront.net/shorts/38a144c9-6304-4761-a065-e37084a08606.Snaptik.app_6837740741805018370.mp4', 'https://d3byqpylj7jy1e.cloudfront.net/thumbnail/89183927-63ff-4864-8c5b-0db7255c953fThumbnail.png', '허리조심', 4, 'so34so'),
	(853, '2023-08-17 15:24:54.640552', '2023-08-17 20:17:32.577046', '열심히열심히', 1, 'https://d3byqpylj7jy1e.cloudfront.net/shorts/6b7c2ade-7882-465f-83e2-4c330fbfe2d8.Snaptik.app_7207002382134185218.mp4', 'https://d3byqpylj7jy1e.cloudfront.net/shorts/6b7c2ade-7882-465f-83e2-4c330fbfe2d8.Snaptik.app_7207002382134185218.mp4', 'https://d3byqpylj7jy1e.cloudfront.net/thumbnail/e93fcad8-5cc4-4e03-bd96-a0325dcc86a3Thumbnail.png', '코딩공부', 6, 'so34so'),
	(857, '2023-08-17 15:26:17.435382', '2023-08-17 20:16:49.567869', '파이썬에 대해 알아보아요', 1, 'https://d3byqpylj7jy1e.cloudfront.net/shorts/4fcfcb5a-2673-4723-8899-fad06fa5aacc.Snaptik.app_7258621874886757633.mp4', 'https://d3byqpylj7jy1e.cloudfront.net/shorts/4fcfcb5a-2673-4723-8899-fad06fa5aacc.Snaptik.app_7258621874886757633.mp4', 'https://d3byqpylj7jy1e.cloudfront.net/thumbnail/e4561a93-af9d-411f-931f-ecdae5b45316Thumbnail.png', '파이썬이란', 4, 'so34so'),
	(860, '2023-08-17 15:27:54.118582', '2023-08-17 20:05:24.473085', '모두 자세 교정 합시다.', 0, 'https://d3byqpylj7jy1e.cloudfront.net/shorts/26dd5d09-2696-43e5-b875-a4df50fb3493.Snaptik.app_7261795240888028424.mp4', 'https://d3byqpylj7jy1e.cloudfront.net/shorts/26dd5d09-2696-43e5-b875-a4df50fb3493.Snaptik.app_7261795240888028424.mp4', 'https://d3byqpylj7jy1e.cloudfront.net/thumbnail/ac4f8040-b56d-4b5b-b723-0259a7e8c82bThumbnail.png', '스트레칭 정보 공유해요', 3, 'ohamma'),
	(962, '2023-08-17 20:27:48.701001', '2023-08-17 21:12:46.199576', '알고리즘 풀기 시작!', 1, 'https://d3byqpylj7jy1e.cloudfront.net/shorts/e6a29940-8622-4962-8771-764fb546be93.화면 기록 2023-08-17 오후 8.25.00.mov', 'https://d3byqpylj7jy1e.cloudfront.net/shorts/e6a29940-8622-4962-8771-764fb546be93.화면 기록 2023-08-17 오후 8.25.00.mov', 'https://d3byqpylj7jy1e.cloudfront.net/thumbnail/5516b3bf-ac36-4021-8c59-e8971bdb4e30Thumbnail.png', '코딩 공부 1일차', 14, 'crit12');

-- 테이블 s09p13d201.shorts_comment 구조 내보내기
CREATE TABLE IF NOT EXISTS `shorts_comment` (
  `id` bigint(20) NOT NULL,
  `created_date` datetime(6) DEFAULT NULL,
  `modified_date` datetime(6) DEFAULT NULL,
  `content` varchar(255) COLLATE utf8mb4_bin DEFAULT NULL,
  `shorts_id` bigint(20) DEFAULT NULL,
  `user_id` varchar(255) COLLATE utf8mb4_bin DEFAULT NULL,
  PRIMARY KEY (`id`),
  KEY `FKk81es0ltkcf2fjtet9q6t5kg5` (`shorts_id`),
  KEY `FKtqy0s6i5u9q4oaukocmcsmjdk` (`user_id`),
  CONSTRAINT `FKk81es0ltkcf2fjtet9q6t5kg5` FOREIGN KEY (`shorts_id`) REFERENCES `shorts` (`id`) ON DELETE CASCADE,
  CONSTRAINT `FKtqy0s6i5u9q4oaukocmcsmjdk` FOREIGN KEY (`user_id`) REFERENCES `users` (`user_id`) ON DELETE CASCADE
) ENGINE=InnoDB DEFAULT CHARSET=utf8mb4 COLLATE=utf8mb4_bin;

-- 테이블 데이터 s09p13d201.shorts_comment:~5 rows (대략적) 내보내기
DELETE FROM `shorts_comment`;
INSERT INTO `shorts_comment` (`id`, `created_date`, `modified_date`, `content`, `shorts_id`, `user_id`) VALUES
	(44, '2023-08-17 14:00:54.368058', '2023-08-17 14:00:54.368058', '너무 멋있어요~', 37, 'crit12'),
	(52, '2023-08-17 14:06:47.274267', '2023-08-17 14:06:47.274267', '정말 대단해요!', 37, 'so34so'),
	(910, '2023-08-17 16:24:16.740868', '2023-08-17 16:24:16.740868', '너무 도움돼요!', 840, 'crit12'),
	(916, '2023-08-17 16:34:59.059279', '2023-08-17 16:34:59.059279', '너무 멋있는데요?!', 853, 'crit12'),
	(929, '2023-08-17 16:51:12.799006', '2023-08-17 16:51:12.799006', '너무 멋있어요!', 843, 'crit12'),
	(952, '2023-08-17 20:02:33.015075', '2023-08-17 20:02:33.015075', '너무 멋있어요!', 843, 'crit12'),
	(961, '2023-08-17 20:16:49.175610', '2023-08-17 20:16:49.175610', '너무 멋있어요!', 857, 'crit12'),
	(965, '2023-08-17 20:28:47.941238', '2023-08-17 20:28:47.941238', '화이팅!!', 962, 'crit12'),
	(974, '2023-08-17 20:38:40.692472', '2023-08-17 20:38:40.692472', '구수,', 962, 'crit12');

-- 테이블 s09p13d201.shorts_like_table 구조 내보내기
CREATE TABLE IF NOT EXISTS `shorts_like_table` (
  `id` bigint(20) NOT NULL,
  `shorts_id` bigint(20) DEFAULT NULL,
  `user_user_id` varchar(255) COLLATE utf8mb4_bin DEFAULT NULL,
  PRIMARY KEY (`id`),
  KEY `FKrbl1fy823y8jf9qdkft743lng` (`shorts_id`),
  KEY `FKngdubftgx5lol7eqp3j6afyqv` (`user_user_id`),
  CONSTRAINT `FKngdubftgx5lol7eqp3j6afyqv` FOREIGN KEY (`user_user_id`) REFERENCES `users` (`user_id`),
  CONSTRAINT `FKrbl1fy823y8jf9qdkft743lng` FOREIGN KEY (`shorts_id`) REFERENCES `shorts` (`id`)
) ENGINE=InnoDB DEFAULT CHARSET=utf8mb4 COLLATE=utf8mb4_bin;

-- 테이블 데이터 s09p13d201.shorts_like_table:~8 rows (대략적) 내보내기
DELETE FROM `shorts_like_table`;
INSERT INTO `shorts_like_table` (`id`, `shorts_id`, `user_user_id`) VALUES
	(43, 37, 'crit12'),
	(51, 37, 'so34so'),
	(802, 792, 'so34so'),
	(909, 840, 'crit12'),
	(915, 853, 'crit12'),
	(917, 797, 'crit12'),
	(949, 850, 'hothot'),
	(960, 857, 'crit12'),
	(981, 962, 'crit12');

-- 테이블 s09p13d201.super_admin 구조 내보내기
CREATE TABLE IF NOT EXISTS `super_admin` (
  `user_id` varchar(255) COLLATE utf8mb4_bin NOT NULL,
  `auth_provider` varchar(255) COLLATE utf8mb4_bin NOT NULL,
  `grade` varchar(255) COLLATE utf8mb4_bin DEFAULT NULL,
  `password` varchar(255) COLLATE utf8mb4_bin NOT NULL,
  `refresh_token` varchar(300) COLLATE utf8mb4_bin DEFAULT NULL,
  `role` varchar(255) COLLATE utf8mb4_bin NOT NULL,
  `token_expiration_time` datetime(6) DEFAULT NULL,
  PRIMARY KEY (`user_id`)
) ENGINE=InnoDB DEFAULT CHARSET=utf8mb4 COLLATE=utf8mb4_bin;

-- 테이블 데이터 s09p13d201.super_admin:~0 rows (대략적) 내보내기
DELETE FROM `super_admin`;

-- 테이블 s09p13d201.upload_file 구조 내보내기
CREATE TABLE IF NOT EXISTS `upload_file` (
  `file_id` bigint(20) NOT NULL AUTO_INCREMENT,
  `created_date` datetime(6) DEFAULT NULL,
  `modified_date` datetime(6) DEFAULT NULL,
  `classification` varchar(255) COLLATE utf8mb4_bin DEFAULT NULL,
  `store_file_path` varchar(255) COLLATE utf8mb4_bin DEFAULT NULL,
  `user_name` varchar(255) COLLATE utf8mb4_bin DEFAULT NULL,
  `board_id` bigint(20) DEFAULT NULL,
  PRIMARY KEY (`file_id`),
  KEY `FK3gnkkwvdgucoijp01j1rp0xwy` (`board_id`),
  CONSTRAINT `FK3gnkkwvdgucoijp01j1rp0xwy` FOREIGN KEY (`board_id`) REFERENCES `board` (`id`)
) ENGINE=InnoDB AUTO_INCREMENT=40 DEFAULT CHARSET=utf8mb4 COLLATE=utf8mb4_bin;

-- 테이블 데이터 s09p13d201.upload_file:~31 rows (대략적) 내보내기
DELETE FROM `upload_file`;
INSERT INTO `upload_file` (`file_id`, `created_date`, `modified_date`, `classification`, `store_file_path`, `user_name`, `board_id`) VALUES
	(4, '2023-08-17 14:15:18.529763', '2023-08-17 14:15:18.529763', NULL, 'https://d3byqpylj7jy1e.cloudfront.net/feeds/9a5bf577-7d2a-4b01-b817-42fa194fa359.phantom.png', 'crit12', 68),
	(5, '2023-08-17 14:18:30.897295', '2023-08-17 14:18:30.897295', NULL, 'https://d3byqpylj7jy1e.cloudfront.net/feeds/c17905b5-abf1-4288-b9e8-25ab0bed3110.KakaoTalk_20230814_145929151.jpg', 'so34so', 76),
	(6, '2023-08-17 14:21:17.314663', '2023-08-17 14:21:17.314663', NULL, 'https://d3byqpylj7jy1e.cloudfront.net/feeds/08489fdd-7b33-485d-8bc3-73fce2ac7b0e.phantom.png', 'crit12', 79),
	(7, '2023-08-17 14:21:31.342943', '2023-08-17 14:21:31.342943', NULL, 'https://d3byqpylj7jy1e.cloudfront.net/feeds/d9a9a14a-610a-488c-9fb0-ce86d38c71ef.READ UNcommitted.png', 'crit12', 80),
	(8, '2023-08-17 14:21:41.210003', '2023-08-17 14:21:41.210003', NULL, 'https://d3byqpylj7jy1e.cloudfront.net/feeds/2c308a99-a1a6-4269-aace-7879c69b7b00.제목_없는_아트워크 (2).PNG', 'crit12', 81),
	(9, '2023-08-17 15:05:06.397864', '2023-08-17 15:05:06.397864', NULL, 'https://d3byqpylj7jy1e.cloudfront.net/feeds/3ca0df30-8b7a-44dd-8aba-360787d03823.KakaoTalk_20230817_101606287.jpg', 'ohamma', 812),
	(10, '2023-08-17 15:05:15.516702', '2023-08-17 15:05:15.516702', NULL, 'https://d3byqpylj7jy1e.cloudfront.net/feeds/ea59baa0-7169-4ad3-8624-9cd3f83c7421.KakaoTalk_20230817_101606287_06.jpg', 'ohamma', 813),
	(11, '2023-08-17 15:05:22.095345', '2023-08-17 15:05:22.095345', NULL, 'https://d3byqpylj7jy1e.cloudfront.net/feeds/5f9469db-6313-497c-a711-86e5e35d4435.KakaoTalk_20230817_101606287_01.jpg', 'ohamma', 814),
	(12, '2023-08-17 15:05:27.076322', '2023-08-17 15:05:27.076322', NULL, 'https://d3byqpylj7jy1e.cloudfront.net/feeds/861b6af1-ba6d-466e-8883-869c2e222f25.KakaoTalk_20230817_101606287_03.jpg', 'ohamma', 815),
	(13, '2023-08-17 15:05:31.932412', '2023-08-17 15:05:31.932412', NULL, 'https://d3byqpylj7jy1e.cloudfront.net/feeds/69baacee-51f6-4310-8f48-fbac005c27d5.KakaoTalk_20230817_101606287_02.jpg', 'ohamma', 816),
	(14, '2023-08-17 15:05:38.985258', '2023-08-17 15:05:38.985258', NULL, 'https://d3byqpylj7jy1e.cloudfront.net/feeds/9a9f19d8-4744-4431-81bf-be58b81ff8f1.KakaoTalk_20230817_101606287_07.jpg', 'ohamma', 817),
	(15, '2023-08-17 15:05:43.966438', '2023-08-17 15:05:43.966438', NULL, 'https://d3byqpylj7jy1e.cloudfront.net/feeds/d1a739e0-a23a-4019-84a9-5ef7708241ca.KakaoTalk_20230817_101606287_08.jpg', 'ohamma', 818),
	(16, '2023-08-17 15:06:11.862205', '2023-08-17 15:06:11.862205', NULL, 'https://d3byqpylj7jy1e.cloudfront.net/feeds/87440cae-a87b-4523-8dc8-db0617175a6a.KakaoTalk_20230817_102211793.png', 'ohamma', 824),
	(17, '2023-08-17 15:06:25.290478', '2023-08-17 15:06:25.290478', NULL, 'https://d3byqpylj7jy1e.cloudfront.net/feeds/c1916b5a-ed7c-4b32-858b-df5e4b0612d5.KakaoTalk_20230817_101703545_01.jpg', 'ohamma', 825),
	(19, '2023-08-17 15:06:56.518728', '2023-08-17 15:06:56.518728', NULL, 'https://d3byqpylj7jy1e.cloudfront.net/feeds/6ca1bc90-d64c-48d4-b1ff-bfa2bb7d6f70.dddd.png', 'ohamma', 831),
	(20, '2023-08-17 15:07:13.972719', '2023-08-17 15:07:13.972719', NULL, 'https://d3byqpylj7jy1e.cloudfront.net/feeds/dd36a8a9-776f-4e2e-9f5a-6f74c70745cd.KakaoTalk_20230817_101606287_07.jpg', 'ohamma', 832),
	(21, '2023-08-17 15:40:40.168784', '2023-08-17 15:40:40.168784', '운동 게시판', 'https://d3byqpylj7jy1e.cloudfront.net/Boards/529d0ec8-db1d-4b33-9939-66f34954b846.KakaoTalk_20230814_145929151.jpg', 'so34so', 865),
	(22, '2023-08-17 15:45:31.362569', '2023-08-17 15:45:31.362569', '자랑게시판', 'https://d3byqpylj7jy1e.cloudfront.net/Boards/5860156f-0c5e-413a-a9c8-010627666226.KakaoTalk_20230817_154321797.jpg', 'so34so', 867),
	(23, '2023-08-17 15:45:31.454464', '2023-08-17 15:45:31.454464', '자랑게시판', 'https://d3byqpylj7jy1e.cloudfront.net/Boards/111712f2-8d8c-4c36-b7a8-2fd8364cfa5e.KakaoTalk_20230817_154321797_01.jpg', 'so34so', 867),
	(24, '2023-08-17 15:46:07.912827', '2023-08-17 15:46:07.912827', '자랑게시판', 'https://d3byqpylj7jy1e.cloudfront.net/Boards/144558a5-7aa3-4516-8cb3-0cfd09ad58c5.KakaoTalk_20230817_154434922.jpg', 'so34so', 869),
	(25, '2023-08-17 15:47:05.974988', '2023-08-17 15:47:05.974988', '운동 게시판', 'https://d3byqpylj7jy1e.cloudfront.net/Boards/5ff38d3d-51cd-4472-a912-416fbac78ef3.fa3ce5c5538d0.png', 'ohamma', 870),
	(26, '2023-08-17 15:48:03.552301', '2023-08-17 15:48:03.552301', '자랑게시판', 'https://d3byqpylj7jy1e.cloudfront.net/Boards/746bc9f5-c7fb-4f1d-897f-dca274fd999d.KakaoTalk_20230817_154727240.jpg', 'so34so', 875),
	(27, '2023-08-17 15:49:14.043558', '2023-08-17 15:49:14.043558', '자랑게시판', 'https://d3byqpylj7jy1e.cloudfront.net/Boards/0101b427-e249-4397-b59c-dcb5940c43f4.img_20170830121459_3d6b3572.jpg', 'ohamma', 887),
	(28, '2023-08-17 15:50:06.340750', '2023-08-17 15:50:06.340750', '반려동물 게시판', 'https://d3byqpylj7jy1e.cloudfront.net/Boards/2ca9c4dd-5187-4830-aaf7-b13c667cc91b.sch.jpg', 'jjh099', 889),
	(29, '2023-08-17 15:52:25.408789', '2023-08-17 15:52:25.408789', '반려동물 게시판', 'https://d3byqpylj7jy1e.cloudfront.net/Boards/081e5ddd-4f5f-4ca1-a52d-5a19928fb952.KakaoTalk_20230817_155005930.jpg', 'so34so', 890),
	(30, '2023-08-17 15:53:01.211401', '2023-08-17 15:53:01.211401', '반려동물 게시판', 'https://d3byqpylj7jy1e.cloudfront.net/Boards/edbf217d-c64f-44a9-9fb9-79d882e8f86e.KakaoTalk_20230817_155036261.jpg', 'so34so', 891),
	(31, '2023-08-17 15:53:22.432128', '2023-08-17 15:53:22.432128', '반려동물 게시판', 'https://d3byqpylj7jy1e.cloudfront.net/Boards/622e82fd-27a7-4d98-b80e-635a916da07a.KakaoTalk_20230817_155138221.jpg', 'so34so', 892),
	(32, '2023-08-17 15:54:35.796225', '2023-08-17 15:54:35.796225', '반려동물 게시판', 'https://d3byqpylj7jy1e.cloudfront.net/Boards/a8128f10-5b2b-4f63-b745-05a61ded9ea4.KakaoTalk_20230817_155411614.jpg', 'so34so', 897),
	(33, '2023-08-17 16:01:06.807158', '2023-08-17 16:01:06.807158', '자유 게시판', 'https://d3byqpylj7jy1e.cloudfront.net/Boards/199d414d-c088-423d-9d6a-8de7fa7c2a63.KakaoTalk_20230817_155920333.jpg', 'so34so', 908),
	(34, '2023-08-17 16:01:06.940500', '2023-08-17 16:01:06.940500', '자유 게시판', 'https://d3byqpylj7jy1e.cloudfront.net/Boards/7cd58422-564e-45f1-9550-e4b3f3e2124e.KakaoTalk_20230817_155932153.jpg', 'so34so', 908),
	(35, '2023-08-17 16:25:37.270553', '2023-08-17 16:25:37.270553', NULL, 'https://d3byqpylj7jy1e.cloudfront.net/feeds/57aa864d-c77a-4676-ac02-e5f39bbff3c2.수정한 아키텍쳐2 (1).jpg', 'crit12', 913),
	(38, '2023-08-17 20:04:41.541675', '2023-08-17 20:04:41.541675', NULL, 'https://d3byqpylj7jy1e.cloudfront.net/feeds/f8c20d7a-08ee-4825-aaa9-0983f9a3ca4a.캘리퍼.png', 'crit12', 955),
	(39, '2023-08-17 20:30:41.475528', '2023-08-17 20:30:41.475528', NULL, 'https://d3byqpylj7jy1e.cloudfront.net/feeds/bf699c0e-de9c-4291-9522-9dfb05a1c321.캘리퍼.png', 'crit12', 968);

-- 테이블 s09p13d201.users 구조 내보내기
CREATE TABLE IF NOT EXISTS `users` (
  `user_id` varchar(255) COLLATE utf8mb4_bin NOT NULL,
  `created_date` datetime(6) DEFAULT NULL,
  `modified_date` datetime(6) DEFAULT NULL,
  `auth_provider` varchar(255) COLLATE utf8mb4_bin NOT NULL,
  `cash_point` int(11) NOT NULL DEFAULT 0,
  `email` varchar(255) COLLATE utf8mb4_bin NOT NULL,
  `exp` int(11) NOT NULL,
  `grade` varchar(255) COLLATE utf8mb4_bin DEFAULT NULL,
  `is_checked` bit(1) DEFAULT NULL,
  `nickname` varchar(255) COLLATE utf8mb4_bin NOT NULL,
  `password` varchar(255) COLLATE utf8mb4_bin NOT NULL,
  `profile_image_url` varchar(255) COLLATE utf8mb4_bin DEFAULT NULL,
  `refresh_token` varchar(300) COLLATE utf8mb4_bin DEFAULT NULL,
  `role` varchar(255) COLLATE utf8mb4_bin NOT NULL,
  `tid` varchar(255) COLLATE utf8mb4_bin DEFAULT NULL,
  `token_expiration_time` datetime(6) DEFAULT NULL,
  PRIMARY KEY (`user_id`)
) ENGINE=InnoDB DEFAULT CHARSET=utf8mb4 COLLATE=utf8mb4_bin;

-- 테이블 데이터 s09p13d201.users:~513 rows (대략적) 내보내기
DELETE FROM `users`;
INSERT INTO `users` (`user_id`, `created_date`, `modified_date`, `auth_provider`, `cash_point`, `email`, `exp`, `grade`, `is_checked`, `nickname`, `password`, `profile_image_url`, `refresh_token`, `role`, `tid`, `token_expiration_time`) VALUES
	('2921667152', '2023-08-17 14:36:54.396557', '2023-08-17 20:27:24.734713', 'KAKAO', 0, 'rlvy98@nate.com', 0, 'Beginner', b'0', '이기표', 'eSuUjgow', 'https://critservice.s3.ap-northeast-2.amazonaws.com/Profile/369bbf78-2bf6-4072-be96-e5f9f2a12d87.user-basic-profile.png', 'eyJ0eXAiOiJKV1QiLCJhbGciOiJIUzI1NiJ9.eyJwcm92aWRlciI6IktBS0FPIiwiZXhwIjoxNjk0ODYzNTMzLCJ1c2VySWQiOiIyOTIxNjY3MTUyIn0.gE0YZNchqPGNKLPEhQRzFTXQf9jCr9lYzHaPLVtMkGU', 'USER', NULL, '2023-08-17 20:27:24.734000'),
	('2929865473', '2023-08-17 15:20:26.393557', '2023-08-17 21:32:20.380937', 'KAKAO', 990000, 'woghks7041@gmail.com', 0, 'Beginner', b'0', '재환', 'jUW7okK0', 'https://critservice.s3.ap-northeast-2.amazonaws.com/Profile/369bbf78-2bf6-4072-be96-e5f9f2a12d87.user-basic-profile.png', 'eyJ0eXAiOiJKV1QiLCJhbGciOiJIUzI1NiJ9.eyJwcm92aWRlciI6IktBS0FPIiwiZXhwIjoxNjk0ODY3NTM3LCJ1c2VySWQiOiIyOTI5ODY1NDczIn0.vMPLR5XNczQbHWdVqkel2WqnjpTZX-43u7Fa5ZDbZJ4', 'USER', 'T4de105376b90283f3cc', '2023-08-17 21:32:20.380000'),
	('2963925407', '2023-08-17 16:36:46.898684', '2023-08-17 16:37:07.332449', 'KAKAO', 0, 'so34so@naver.com', 0, 'Beginner', b'0', '김민석', 'PxYkONYV', 'https://critservice.s3.ap-northeast-2.amazonaws.com/Profile/369bbf78-2bf6-4072-be96-e5f9f2a12d87.user-basic-profile.png', 'eyJ0eXAiOiJKV1QiLCJhbGciOiJIUzI1NiJ9.eyJwcm92aWRlciI6IktBS0FPIiwiZXhwIjoxNjk0ODQ5ODA2LCJ1c2VySWQiOiIyOTYzOTI1NDA3In0.TSKHCFKhrXQITkev4La_uVkqwUzr5-yUNWi9E5YAFPQ', 'USER', NULL, '2023-08-17 16:37:07.332000'),
	('2963926117', '2023-08-17 13:11:58.326453', '2023-08-17 17:23:53.389665', 'KAKAO', 118123, 'hyerdd@naver.com', 0, 'Beginner', b'0', '조경호', '88aELCOz', 'https://critservice.s3.ap-northeast-2.amazonaws.com/Profile/369bbf78-2bf6-4072-be96-e5f9f2a12d87.user-basic-profile.png', 'eyJ0eXAiOiJKV1QiLCJhbGciOiJIUzI1NiJ9.eyJwcm92aWRlciI6IktBS0FPIiwiZXhwIjoxNjk0ODUyNjE3LCJ1c2VySWQiOiIyOTYzOTI2MTE3In0.dSKex9f3zUJtAL9OlQam5tmQ5XyylDIIDWvVywvYki8', 'USER', 'T4ddcdea4ce74cf5dfa2', '2023-08-17 17:23:53.389000'),
	('crit12', '2023-08-17 13:34:27.990030', '2023-08-17 21:32:26.760104', 'EMPTY', 95000, 'crit12@gmail.com', 580, 'IntermediateHigh', b'1', 'CRIT오함마', '$2a$10$Vt1O3wDxm94p8zuhsaIIaeWzhbvkumdjtkZWT2y686zu6QOfXiR/u', 'https://d3byqpylj7jy1e.cloudfront.net/Profile/4e4b648f-9d8f-40fc-a206-161cdfd8a57f.캘리퍼.png', 'eyJ0eXAiOiJKV1QiLCJhbGciOiJIUzI1NiJ9.eyJwcm92aWRlciI6IkVNUFRZIiwiZXhwIjoxNjk0ODY2NzQ2LCJ1c2VySWQiOiJjcml0MTIifQ.6d2l4oDR-__IUrtGVYyuKvSrKVjGSKW1wAHLSBl-4V4', 'USER', 'T4de08ee4ce74cf5e2e5', '2023-08-17 21:32:26.759000'),
	('crit123', '2023-08-17 20:37:53.481411', '2023-08-17 20:37:53.524421', 'EMPTY', 0, '123@xn--1pd4azsu588d.xn--8sd5119g', 0, 'Beginner', b'0', '123123', '$2a$10$a/Ucvih5pZHvWeoqYsbWEuQoukzs5MQ/1QNzvGtKUnwps4Dd3BOb.', 'https://critservice.s3.ap-northeast-2.amazonaws.com/Profile/369bbf78-2bf6-4072-be96-e5f9f2a12d87.user-basic-profile.png', NULL, 'USER', NULL, NULL),
	('giggle', '2023-08-17 20:28:04.354995', '2023-08-17 20:28:09.537895', 'EMPTY', 0, 'gi@ggle.co.kr', 10, 'IntermediateLow', b'1', '기글', '$2a$10$DPH1YjswIgQibpsuLyTB6uUqFapj4/gYStUYIU2gYeohJMWJZZP42', 'https://critservice.s3.ap-northeast-2.amazonaws.com/Profile/369bbf78-2bf6-4072-be96-e5f9f2a12d87.user-basic-profile.png', 'eyJ0eXAiOiJKV1QiLCJhbGciOiJIUzI1NiJ9.eyJwcm92aWRlciI6IkVNUFRZIiwiZXhwIjoxNjk0ODYzNjg5LCJ1c2VySWQiOiJnaWdnbGUifQ.tFoEy0xFSjGM3MPRe70wVOo9Rzn6Ub8GvSfiiNifmIM', 'USER', NULL, '2023-09-16 20:28:09.537000'),
	('hello12', '2023-08-17 16:34:34.407008', '2023-08-17 16:34:34.407357', 'EMPTY', 0, 'cri12t@crit.com', 0, 'Beginner', b'0', 'crit좋아요짱', '$2a$10$bSDm0Nb9pMasWlUTa1/7le59vGMefTB0AqPHRsDBvMr24JT8fqsTe', 'https://critservice.s3.ap-northeast-2.amazonaws.com/Profile/369bbf78-2bf6-4072-be96-e5f9f2a12d87.user-basic-profile.png', NULL, 'USER', NULL, NULL),
	('hothot', '2023-08-17 13:42:02.233803', '2023-08-17 21:03:15.152260', 'EMPTY', 40000, 'hothot@naver.com', 10, 'IntermediateLow', b'1', '핫핫', '$2a$10$KJfa3j9MnuxfkBiyGPb0fO.adUJ1yLmZzjOqM8Dx0tOihTVA9Jxii', 'https://d3byqpylj7jy1e.cloudfront.net/Profile/7670f7d0-b208-425a-a655-ca233c12f4e6.제목_없는_아트워크 (3).PNG', 'eyJ0eXAiOiJKV1QiLCJhbGciOiJIUzI1NiJ9.eyJwcm92aWRlciI6IkVNUFRZIiwiZXhwIjoxNjk0ODY1NjkyLCJ1c2VySWQiOiJob3Rob3QifQ.SrbnyybWXSHTfQ3hajyOJfuk_v4vM-KuO5S0-fRVLWg', 'USER', 'T4de0c2976b90283f398', '2023-09-16 21:01:32.277000'),
	('jjh099', '2023-08-17 13:24:34.225202', '2023-08-17 21:34:40.257937', 'EMPTY', 974000, 'jjh099@icloud.com', 10, 'IntermediateLow', b'1', '진가네도련님', '$2a$10$c63hJGhH.yXgT3bJ/mjOauzqvzhXBEzddj.T08REqxP/g7/E7C3AC', 'https://d3byqpylj7jy1e.cloudfront.net/Profile/5e4fa7e6-f92f-4bf5-9253-2465a83d0b8d.공부1.jpg', 'eyJ0eXAiOiJKV1QiLCJhbGciOiJIUzI1NiJ9.eyJwcm92aWRlciI6IkVNUFRZIiwiZXhwIjoxNjk0ODY3NjgwLCJ1c2VySWQiOiJqamgwOTkifQ.JevBGnf_b9HTzJtDMYh2QTsF4_X9c9g5rqxirPj5Wlg', 'USER', 'T4de06004ce74cf5e2ca', '2023-09-16 21:34:40.257000'),
	('ohamma', '2023-08-17 13:12:51.538617', '2023-08-17 21:21:15.407619', 'EMPTY', 39000, 'test@naver.com', 1020, 'Challenger', b'1', '오함마', '$2a$10$M4Rjl3puoX7TMKvkq2zIdOh3wpSvrMA6YZNw8w0g.IVylBzCu6veK', 'https://d3byqpylj7jy1e.cloudfront.net/Profile/f3418c79-43cf-4e93-afad-e521ddddfc9a.마동석.jpg', 'eyJ0eXAiOiJKV1QiLCJhbGciOiJIUzI1NiJ9.eyJwcm92aWRlciI6IkVNUFRZIiwiZXhwIjoxNjk0ODY2ODc1LCJ1c2VySWQiOiJvaGFtbWEifQ.0WDOOg2xDnGy_Ww0WcoQnljHmxA95Bgf8HH7tUT61s8', 'USER', 'T4dda05376b90283ec47', '2023-09-16 21:21:15.407000'),
	('so34so', '2023-08-17 14:05:59.373372', '2023-08-17 17:46:00.575708', 'EMPTY', 985000, 'so34so@naver.com', 10, 'IntermediateLow', b'1', 'so34so', '$2a$10$Ds1d5jMkVom1vzB/sikBm.B8wVyfJDjVCFdjLtD5TUcTanSxtga1G', 'https://critservice.s3.ap-northeast-2.amazonaws.com/Profile/369bbf78-2bf6-4072-be96-e5f9f2a12d87.user-basic-profile.png', 'eyJ0eXAiOiJKV1QiLCJhbGciOiJIUzI1NiJ9.eyJwcm92aWRlciI6IkVNUFRZIiwiZXhwIjoxNjk0ODUzOTYwLCJ1c2VySWQiOiJzbzM0c28ifQ.Er1027ih5disuXuG2sJKYdunKF-fHkMvA6VvIhpGiWw', 'USER', 'T4ddab224ce74cf5dc6f', '2023-09-16 17:46:00.575000'),
	('test2', '2023-08-17 21:23:15.177507', '2023-08-17 21:23:22.857136', 'EMPTY', 0, 'hyerdd@naver.com', 10, 'IntermediateLow', b'1', 'CRIT이짱이에요', '$2a$10$f4zG3KLuN27AE89EF8l.KOjnl5Uku7Z1KclDoQRqQMu7B0xDlYTla', 'https://critservice.s3.ap-northeast-2.amazonaws.com/Profile/369bbf78-2bf6-4072-be96-e5f9f2a12d87.user-basic-profile.png', 'eyJ0eXAiOiJKV1QiLCJhbGciOiJIUzI1NiJ9.eyJwcm92aWRlciI6IkVNUFRZIiwiZXhwIjoxNjk0ODY3MDAyLCJ1c2VySWQiOiJ0ZXN0MiJ9.YfbvgohlVVgRl2iANk9W5-84ZtCANcSjKHTRQhpMUuQ', 'USER', NULL, '2023-09-16 21:23:22.856000'),
	('user0', '2023-08-17 14:42:47.833000', '2023-08-17 14:42:57.256918', 'EMPTY', 0, 'user0@naver.com', 0, 'Beginner', b'0', 'user0', 'user0user0', 'https://critservice.s3.ap-northeast-2.amazonaws.com/Profile/369bbf78-2bf6-4072-be96-e5f9f2a12d87.user-basic-profile.png', NULL, 'USER', NULL, NULL),
	('user1', '2023-08-17 14:42:47.848554', '2023-08-17 14:42:57.256918', 'EMPTY', 0, 'user1@naver.com', 0, 'Beginner', b'0', 'user1', 'user1user1', 'https://critservice.s3.ap-northeast-2.amazonaws.com/Profile/369bbf78-2bf6-4072-be96-e5f9f2a12d87.user-basic-profile.png', NULL, 'USER', NULL, NULL),
	('user10', '2023-08-17 14:42:48.001336', '2023-08-17 14:42:57.256918', 'EMPTY', 0, 'user10@naver.com', 0, 'Beginner', b'0', 'user10', 'user10user10', 'https://critservice.s3.ap-northeast-2.amazonaws.com/Profile/369bbf78-2bf6-4072-be96-e5f9f2a12d87.user-basic-profile.png', NULL, 'USER', NULL, NULL),
	('user100', '2023-08-17 14:42:49.656268', '2023-08-17 14:42:57.257917', 'EMPTY', 0, 'user100@naver.com', 0, 'Beginner', b'0', 'user100', 'user100user100', NULL, NULL, 'USER', NULL, NULL),
	('user101', '2023-08-17 14:42:49.676269', '2023-08-17 14:42:57.257917', 'EMPTY', 0, 'user101@naver.com', 0, 'Beginner', b'0', 'user101', 'user101user101', NULL, NULL, 'USER', NULL, NULL),
	('user102', '2023-08-17 14:42:49.693270', '2023-08-17 14:42:57.257917', 'EMPTY', 0, 'user102@naver.com', 0, 'Beginner', b'0', 'user102', 'user102user102', NULL, NULL, 'USER', NULL, NULL),
	('user103', '2023-08-17 14:42:49.713271', '2023-08-17 14:42:57.257917', 'EMPTY', 0, 'user103@naver.com', 0, 'Beginner', b'0', 'user103', 'user103user103', NULL, NULL, 'USER', NULL, NULL),
	('user104', '2023-08-17 14:42:49.730266', '2023-08-17 14:42:57.257917', 'EMPTY', 0, 'user104@naver.com', 0, 'Beginner', b'0', 'user104', 'user104user104', NULL, NULL, 'USER', NULL, NULL),
	('user105', '2023-08-17 14:42:49.749267', '2023-08-17 14:42:57.257917', 'EMPTY', 0, 'user105@naver.com', 0, 'Beginner', b'0', 'user105', 'user105user105', NULL, NULL, 'USER', NULL, NULL),
	('user106', '2023-08-17 14:42:49.768269', '2023-08-17 14:42:57.257917', 'EMPTY', 0, 'user106@naver.com', 0, 'Beginner', b'0', 'user106', 'user106user106', NULL, NULL, 'USER', NULL, NULL),
	('user107', '2023-08-17 14:42:49.785267', '2023-08-17 14:42:57.257917', 'EMPTY', 0, 'user107@naver.com', 0, 'Beginner', b'0', 'user107', 'user107user107', NULL, NULL, 'USER', NULL, NULL),
	('user108', '2023-08-17 14:42:49.804347', '2023-08-17 14:42:57.257917', 'EMPTY', 0, 'user108@naver.com', 0, 'Beginner', b'0', 'user108', 'user108user108', NULL, NULL, 'USER', NULL, NULL),
	('user109', '2023-08-17 14:42:49.824542', '2023-08-17 14:42:57.257917', 'EMPTY', 0, 'user109@naver.com', 0, 'Beginner', b'0', 'user109', 'user109user109', NULL, NULL, 'USER', NULL, NULL),
	('user11', '2023-08-17 14:42:48.019352', '2023-08-17 14:42:57.256918', 'EMPTY', 0, 'user11@naver.com', 0, 'Beginner', b'0', 'user11', 'user11user11', NULL, NULL, 'USER', NULL, NULL),
	('user110', '2023-08-17 14:42:49.844110', '2023-08-17 14:42:57.257917', 'EMPTY', 0, 'user110@naver.com', 0, 'Beginner', b'0', 'user110', 'user110user110', NULL, NULL, 'USER', NULL, NULL),
	('user111', '2023-08-17 14:42:49.864009', '2023-08-17 14:42:57.257917', 'EMPTY', 0, 'user111@naver.com', 0, 'Beginner', b'0', 'user111', 'user111user111', NULL, NULL, 'USER', NULL, NULL),
	('user112', '2023-08-17 14:42:49.884239', '2023-08-17 14:42:57.257917', 'EMPTY', 0, 'user112@naver.com', 0, 'Beginner', b'0', 'user112', 'user112user112', NULL, NULL, 'USER', NULL, NULL),
	('user113', '2023-08-17 14:42:49.902131', '2023-08-17 14:42:57.257917', 'EMPTY', 0, 'user113@naver.com', 0, 'Beginner', b'0', 'user113', 'user113user113', NULL, NULL, 'USER', NULL, NULL),
	('user114', '2023-08-17 14:42:49.919724', '2023-08-17 14:42:57.257917', 'EMPTY', 0, 'user114@naver.com', 0, 'Beginner', b'0', 'user114', 'user114user114', NULL, NULL, 'USER', NULL, NULL),
	('user115', '2023-08-17 14:42:49.939865', '2023-08-17 14:42:57.257917', 'EMPTY', 0, 'user115@naver.com', 0, 'Beginner', b'0', 'user115', 'user115user115', NULL, NULL, 'USER', NULL, NULL),
	('user116', '2023-08-17 14:42:49.960071', '2023-08-17 14:42:57.257917', 'EMPTY', 0, 'user116@naver.com', 0, 'Beginner', b'0', 'user116', 'user116user116', NULL, NULL, 'USER', NULL, NULL),
	('user117', '2023-08-17 14:42:49.977198', '2023-08-17 14:42:57.257917', 'EMPTY', 0, 'user117@naver.com', 0, 'Beginner', b'0', 'user117', 'user117user117', NULL, NULL, 'USER', NULL, NULL),
	('user118', '2023-08-17 14:42:50.000185', '2023-08-17 14:42:57.257917', 'EMPTY', 0, 'user118@naver.com', 0, 'Beginner', b'0', 'user118', 'user118user118', NULL, NULL, 'USER', NULL, NULL),
	('user119', '2023-08-17 14:42:50.018184', '2023-08-17 14:42:57.257917', 'EMPTY', 0, 'user119@naver.com', 0, 'Beginner', b'0', 'user119', 'user119user119', NULL, NULL, 'USER', NULL, NULL),
	('user12', '2023-08-17 14:42:48.035114', '2023-08-17 14:42:57.256918', 'EMPTY', 0, 'user12@naver.com', 0, 'Beginner', b'0', 'user12', 'user12user12', NULL, NULL, 'USER', NULL, NULL),
	('user120', '2023-08-17 14:42:50.041635', '2023-08-17 14:42:57.257917', 'EMPTY', 0, 'user120@naver.com', 0, 'Beginner', b'0', 'user120', 'user120user120', NULL, NULL, 'USER', NULL, NULL),
	('user121', '2023-08-17 14:42:50.060647', '2023-08-17 14:42:57.257917', 'EMPTY', 0, 'user121@naver.com', 0, 'Beginner', b'0', 'user121', 'user121user121', NULL, NULL, 'USER', NULL, NULL),
	('user122', '2023-08-17 14:42:50.079616', '2023-08-17 14:42:57.257917', 'EMPTY', 0, 'user122@naver.com', 0, 'Beginner', b'0', 'user122', 'user122user122', NULL, NULL, 'USER', NULL, NULL),
	('user123', '2023-08-17 14:42:50.097621', '2023-08-17 14:42:57.257917', 'EMPTY', 0, 'user123@naver.com', 0, 'Beginner', b'0', 'user123', 'user123user123', NULL, NULL, 'USER', NULL, NULL),
	('user124', '2023-08-17 14:42:50.116395', '2023-08-17 14:42:57.257917', 'EMPTY', 0, 'user124@naver.com', 0, 'Beginner', b'0', 'user124', 'user124user124', NULL, NULL, 'USER', NULL, NULL),
	('user125', '2023-08-17 14:42:50.134417', '2023-08-17 14:42:57.257917', 'EMPTY', 0, 'user125@naver.com', 0, 'Beginner', b'0', 'user125', 'user125user125', NULL, NULL, 'USER', NULL, NULL),
	('user126', '2023-08-17 14:42:50.154416', '2023-08-17 14:42:57.257917', 'EMPTY', 0, 'user126@naver.com', 0, 'Beginner', b'0', 'user126', 'user126user126', NULL, NULL, 'USER', NULL, NULL),
	('user127', '2023-08-17 14:42:50.172531', '2023-08-17 14:42:57.257917', 'EMPTY', 0, 'user127@naver.com', 0, 'Beginner', b'0', 'user127', 'user127user127', NULL, NULL, 'USER', NULL, NULL),
	('user128', '2023-08-17 14:42:50.192076', '2023-08-17 14:42:57.257917', 'EMPTY', 0, 'user128@naver.com', 0, 'Beginner', b'0', 'user128', 'user128user128', NULL, NULL, 'USER', NULL, NULL),
	('user129', '2023-08-17 14:42:50.211065', '2023-08-17 14:42:57.257917', 'EMPTY', 0, 'user129@naver.com', 0, 'Beginner', b'0', 'user129', 'user129user129', NULL, NULL, 'USER', NULL, NULL),
	('user13', '2023-08-17 14:42:48.055191', '2023-08-17 14:42:57.256918', 'EMPTY', 0, 'user13@naver.com', 0, 'Beginner', b'0', 'user13', 'user13user13', NULL, NULL, 'USER', NULL, NULL),
	('user130', '2023-08-17 14:42:50.230418', '2023-08-17 14:42:57.257917', 'EMPTY', 0, 'user130@naver.com', 0, 'Beginner', b'0', 'user130', 'user130user130', NULL, NULL, 'USER', NULL, NULL),
	('user131', '2023-08-17 14:42:50.250322', '2023-08-17 14:42:57.258916', 'EMPTY', 0, 'user131@naver.com', 0, 'Beginner', b'0', 'user131', 'user131user131', NULL, NULL, 'USER', NULL, NULL),
	('user132', '2023-08-17 14:42:50.271164', '2023-08-17 14:42:57.258916', 'EMPTY', 0, 'user132@naver.com', 0, 'Beginner', b'0', 'user132', 'user132user132', NULL, NULL, 'USER', NULL, NULL),
	('user133', '2023-08-17 14:42:50.292196', '2023-08-17 14:42:57.258916', 'EMPTY', 0, 'user133@naver.com', 0, 'Beginner', b'0', 'user133', 'user133user133', NULL, NULL, 'USER', NULL, NULL),
	('user134', '2023-08-17 14:42:50.309828', '2023-08-17 14:42:57.258916', 'EMPTY', 0, 'user134@naver.com', 0, 'Beginner', b'0', 'user134', 'user134user134', NULL, NULL, 'USER', NULL, NULL),
	('user135', '2023-08-17 14:42:50.330869', '2023-08-17 14:42:57.258916', 'EMPTY', 0, 'user135@naver.com', 0, 'Beginner', b'0', 'user135', 'user135user135', NULL, NULL, 'USER', NULL, NULL),
	('user136', '2023-08-17 14:42:50.348341', '2023-08-17 14:42:57.258916', 'EMPTY', 0, 'user136@naver.com', 0, 'Beginner', b'0', 'user136', 'user136user136', NULL, NULL, 'USER', NULL, NULL),
	('user137', '2023-08-17 14:42:50.366652', '2023-08-17 14:42:57.258916', 'EMPTY', 0, 'user137@naver.com', 0, 'Beginner', b'0', 'user137', 'user137user137', NULL, NULL, 'USER', NULL, NULL),
	('user138', '2023-08-17 14:42:50.383900', '2023-08-17 14:42:57.258916', 'EMPTY', 0, 'user138@naver.com', 0, 'Beginner', b'0', 'user138', 'user138user138', NULL, NULL, 'USER', NULL, NULL),
	('user139', '2023-08-17 14:42:50.401793', '2023-08-17 14:42:57.258916', 'EMPTY', 0, 'user139@naver.com', 0, 'Beginner', b'0', 'user139', 'user139user139', NULL, NULL, 'USER', NULL, NULL),
	('user14', '2023-08-17 14:42:48.072368', '2023-08-17 14:42:57.256918', 'EMPTY', 0, 'user14@naver.com', 0, 'Beginner', b'0', 'user14', 'user14user14', NULL, NULL, 'USER', NULL, NULL),
	('user140', '2023-08-17 14:42:50.419799', '2023-08-17 14:42:57.258916', 'EMPTY', 0, 'user140@naver.com', 0, 'Beginner', b'0', 'user140', 'user140user140', NULL, NULL, 'USER', NULL, NULL),
	('user141', '2023-08-17 14:42:50.439807', '2023-08-17 14:42:57.258916', 'EMPTY', 0, 'user141@naver.com', 0, 'Beginner', b'0', 'user141', 'user141user141', NULL, NULL, 'USER', NULL, NULL),
	('user142', '2023-08-17 14:42:50.457595', '2023-08-17 14:42:57.258916', 'EMPTY', 0, 'user142@naver.com', 0, 'Beginner', b'0', 'user142', 'user142user142', NULL, NULL, 'USER', NULL, NULL),
	('user143', '2023-08-17 14:42:50.478901', '2023-08-17 14:42:57.258916', 'EMPTY', 0, 'user143@naver.com', 0, 'Beginner', b'0', 'user143', 'user143user143', NULL, NULL, 'USER', NULL, NULL),
	('user144', '2023-08-17 14:42:50.500215', '2023-08-17 14:42:57.258916', 'EMPTY', 0, 'user144@naver.com', 0, 'Beginner', b'0', 'user144', 'user144user144', NULL, NULL, 'USER', NULL, NULL),
	('user145', '2023-08-17 14:42:50.520513', '2023-08-17 14:42:57.258916', 'EMPTY', 0, 'user145@naver.com', 0, 'Beginner', b'0', 'user145', 'user145user145', NULL, NULL, 'USER', NULL, NULL),
	('user146', '2023-08-17 14:42:50.538477', '2023-08-17 14:42:57.258916', 'EMPTY', 0, 'user146@naver.com', 0, 'Beginner', b'0', 'user146', 'user146user146', NULL, NULL, 'USER', NULL, NULL),
	('user147', '2023-08-17 14:42:50.557727', '2023-08-17 14:42:57.258916', 'EMPTY', 0, 'user147@naver.com', 0, 'Beginner', b'0', 'user147', 'user147user147', NULL, NULL, 'USER', NULL, NULL),
	('user148', '2023-08-17 14:42:50.576648', '2023-08-17 14:42:57.258916', 'EMPTY', 0, 'user148@naver.com', 0, 'Beginner', b'0', 'user148', 'user148user148', NULL, NULL, 'USER', NULL, NULL),
	('user149', '2023-08-17 14:42:50.594674', '2023-08-17 14:42:57.258916', 'EMPTY', 0, 'user149@naver.com', 0, 'Beginner', b'0', 'user149', 'user149user149', NULL, NULL, 'USER', NULL, NULL),
	('user15', '2023-08-17 14:42:48.090030', '2023-08-17 14:42:57.256918', 'EMPTY', 0, 'user15@naver.com', 0, 'Beginner', b'0', 'user15', 'user15user15', NULL, NULL, 'USER', NULL, NULL),
	('user150', '2023-08-17 14:42:50.614513', '2023-08-17 14:42:57.258916', 'EMPTY', 0, 'user150@naver.com', 0, 'Beginner', b'0', 'user150', 'user150user150', NULL, NULL, 'USER', NULL, NULL),
	('user151', '2023-08-17 14:42:50.634338', '2023-08-17 14:42:57.258916', 'EMPTY', 0, 'user151@naver.com', 0, 'Beginner', b'0', 'user151', 'user151user151', NULL, NULL, 'USER', NULL, NULL),
	('user152', '2023-08-17 14:42:50.653933', '2023-08-17 14:42:57.258916', 'EMPTY', 0, 'user152@naver.com', 0, 'Beginner', b'0', 'user152', 'user152user152', NULL, NULL, 'USER', NULL, NULL),
	('user153', '2023-08-17 14:42:50.669947', '2023-08-17 14:42:57.258916', 'EMPTY', 0, 'user153@naver.com', 0, 'Beginner', b'0', 'user153', 'user153user153', NULL, NULL, 'USER', NULL, NULL),
	('user154', '2023-08-17 14:42:50.687511', '2023-08-17 14:42:57.258916', 'EMPTY', 0, 'user154@naver.com', 0, 'Beginner', b'0', 'user154', 'user154user154', NULL, NULL, 'USER', NULL, NULL),
	('user155', '2023-08-17 14:42:50.706181', '2023-08-17 14:42:57.258916', 'EMPTY', 0, 'user155@naver.com', 0, 'Beginner', b'0', 'user155', 'user155user155', NULL, NULL, 'USER', NULL, NULL),
	('user156', '2023-08-17 14:42:50.724314', '2023-08-17 14:42:57.258916', 'EMPTY', 0, 'user156@naver.com', 0, 'Beginner', b'0', 'user156', 'user156user156', NULL, NULL, 'USER', NULL, NULL),
	('user157', '2023-08-17 14:42:50.742350', '2023-08-17 14:42:57.258916', 'EMPTY', 0, 'user157@naver.com', 0, 'Beginner', b'0', 'user157', 'user157user157', NULL, NULL, 'USER', NULL, NULL),
	('user158', '2023-08-17 14:42:50.760610', '2023-08-17 14:42:57.258916', 'EMPTY', 0, 'user158@naver.com', 0, 'Beginner', b'0', 'user158', 'user158user158', NULL, NULL, 'USER', NULL, NULL),
	('user159', '2023-08-17 14:42:50.780579', '2023-08-17 14:42:57.258916', 'EMPTY', 0, 'user159@naver.com', 0, 'Beginner', b'0', 'user159', 'user159user159', NULL, NULL, 'USER', NULL, NULL),
	('user16', '2023-08-17 14:42:48.107564', '2023-08-17 14:42:57.256918', 'EMPTY', 0, 'user16@naver.com', 0, 'Beginner', b'0', 'user16', 'user16user16', NULL, NULL, 'USER', NULL, NULL),
	('user160', '2023-08-17 14:42:50.800616', '2023-08-17 14:42:57.258916', 'EMPTY', 0, 'user160@naver.com', 0, 'Beginner', b'0', 'user160', 'user160user160', NULL, NULL, 'USER', NULL, NULL),
	('user161', '2023-08-17 14:42:50.820624', '2023-08-17 14:42:57.258916', 'EMPTY', 0, 'user161@naver.com', 0, 'Beginner', b'0', 'user161', 'user161user161', NULL, NULL, 'USER', NULL, NULL),
	('user162', '2023-08-17 14:42:50.846118', '2023-08-17 14:42:57.258916', 'EMPTY', 0, 'user162@naver.com', 0, 'Beginner', b'0', 'user162', 'user162user162', NULL, NULL, 'USER', NULL, NULL),
	('user163', '2023-08-17 14:42:50.863684', '2023-08-17 14:42:57.258916', 'EMPTY', 0, 'user163@naver.com', 0, 'Beginner', b'0', 'user163', 'user163user163', NULL, NULL, 'USER', NULL, NULL),
	('user164', '2023-08-17 14:42:50.881734', '2023-08-17 14:42:57.258916', 'EMPTY', 0, 'user164@naver.com', 0, 'Beginner', b'0', 'user164', 'user164user164', NULL, NULL, 'USER', NULL, NULL),
	('user165', '2023-08-17 14:42:50.902762', '2023-08-17 14:42:57.258916', 'EMPTY', 0, 'user165@naver.com', 0, 'Beginner', b'0', 'user165', 'user165user165', NULL, NULL, 'USER', NULL, NULL),
	('user166', '2023-08-17 14:42:50.923644', '2023-08-17 14:42:57.258916', 'EMPTY', 0, 'user166@naver.com', 0, 'Beginner', b'0', 'user166', 'user166user166', NULL, NULL, 'USER', NULL, NULL),
	('user167', '2023-08-17 14:42:50.942797', '2023-08-17 14:42:57.258916', 'EMPTY', 0, 'user167@naver.com', 0, 'Beginner', b'0', 'user167', 'user167user167', NULL, NULL, 'USER', NULL, NULL),
	('user168', '2023-08-17 14:42:50.959475', '2023-08-17 14:42:57.258916', 'EMPTY', 0, 'user168@naver.com', 0, 'Beginner', b'0', 'user168', 'user168user168', NULL, NULL, 'USER', NULL, NULL),
	('user169', '2023-08-17 14:42:50.976586', '2023-08-17 14:42:57.258916', 'EMPTY', 0, 'user169@naver.com', 0, 'Beginner', b'0', 'user169', 'user169user169', NULL, NULL, 'USER', NULL, NULL),
	('user17', '2023-08-17 14:42:48.123543', '2023-08-17 14:42:57.256918', 'EMPTY', 0, 'user17@naver.com', 0, 'Beginner', b'0', 'user17', 'user17user17', NULL, NULL, 'USER', NULL, NULL),
	('user170', '2023-08-17 14:42:50.995842', '2023-08-17 14:42:57.258916', 'EMPTY', 0, 'user170@naver.com', 0, 'Beginner', b'0', 'user170', 'user170user170', NULL, NULL, 'USER', NULL, NULL),
	('user171', '2023-08-17 14:42:51.015680', '2023-08-17 14:42:57.258916', 'EMPTY', 0, 'user171@naver.com', 0, 'Beginner', b'0', 'user171', 'user171user171', NULL, NULL, 'USER', NULL, NULL),
	('user172', '2023-08-17 14:42:51.034877', '2023-08-17 14:42:57.258916', 'EMPTY', 0, 'user172@naver.com', 0, 'Beginner', b'0', 'user172', 'user172user172', NULL, NULL, 'USER', NULL, NULL),
	('user173', '2023-08-17 14:42:51.051487', '2023-08-17 14:42:57.258916', 'EMPTY', 0, 'user173@naver.com', 0, 'Beginner', b'0', 'user173', 'user173user173', NULL, NULL, 'USER', NULL, NULL),
	('user174', '2023-08-17 14:42:51.072679', '2023-08-17 14:42:57.258916', 'EMPTY', 0, 'user174@naver.com', 0, 'Beginner', b'0', 'user174', 'user174user174', NULL, NULL, 'USER', NULL, NULL),
	('user175', '2023-08-17 14:42:51.093870', '2023-08-17 14:42:57.258916', 'EMPTY', 0, 'user175@naver.com', 0, 'Beginner', b'0', 'user175', 'user175user175', NULL, NULL, 'USER', NULL, NULL),
	('user176', '2023-08-17 14:42:51.111428', '2023-08-17 14:42:57.258916', 'EMPTY', 0, 'user176@naver.com', 0, 'Beginner', b'0', 'user176', 'user176user176', NULL, NULL, 'USER', NULL, NULL),
	('user177', '2023-08-17 14:42:51.129958', '2023-08-17 14:42:57.258916', 'EMPTY', 0, 'user177@naver.com', 0, 'Beginner', b'0', 'user177', 'user177user177', NULL, NULL, 'USER', NULL, NULL),
	('user178', '2023-08-17 14:42:51.150900', '2023-08-17 14:42:57.258916', 'EMPTY', 0, 'user178@naver.com', 0, 'Beginner', b'0', 'user178', 'user178user178', NULL, NULL, 'USER', NULL, NULL),
	('user179', '2023-08-17 14:42:51.171638', '2023-08-17 14:42:57.258916', 'EMPTY', 0, 'user179@naver.com', 0, 'Beginner', b'0', 'user179', 'user179user179', NULL, NULL, 'USER', NULL, NULL),
	('user18', '2023-08-17 14:42:48.140543', '2023-08-17 14:42:57.256918', 'EMPTY', 0, 'user18@naver.com', 0, 'Beginner', b'0', 'user18', 'user18user18', NULL, NULL, 'USER', NULL, NULL),
	('user180', '2023-08-17 14:42:51.190140', '2023-08-17 14:42:57.258916', 'EMPTY', 0, 'user180@naver.com', 0, 'Beginner', b'0', 'user180', 'user180user180', NULL, NULL, 'USER', NULL, NULL),
	('user181', '2023-08-17 14:42:51.207116', '2023-08-17 14:42:57.258916', 'EMPTY', 0, 'user181@naver.com', 0, 'Beginner', b'0', 'user181', 'user181user181', NULL, NULL, 'USER', NULL, NULL),
	('user182', '2023-08-17 14:42:51.225135', '2023-08-17 14:42:57.258916', 'EMPTY', 0, 'user182@naver.com', 0, 'Beginner', b'0', 'user182', 'user182user182', NULL, NULL, 'USER', NULL, NULL),
	('user183', '2023-08-17 14:42:51.244232', '2023-08-17 14:42:57.258916', 'EMPTY', 0, 'user183@naver.com', 0, 'Beginner', b'0', 'user183', 'user183user183', NULL, NULL, 'USER', NULL, NULL),
	('user184', '2023-08-17 14:42:51.262165', '2023-08-17 14:42:57.258916', 'EMPTY', 0, 'user184@naver.com', 0, 'Beginner', b'0', 'user184', 'user184user184', NULL, NULL, 'USER', NULL, NULL),
	('user185', '2023-08-17 14:42:51.279760', '2023-08-17 14:42:57.258916', 'EMPTY', 0, 'user185@naver.com', 0, 'Beginner', b'0', 'user185', 'user185user185', NULL, NULL, 'USER', NULL, NULL),
	('user186', '2023-08-17 14:42:51.300729', '2023-08-17 14:42:57.258916', 'EMPTY', 0, 'user186@naver.com', 0, 'Beginner', b'0', 'user186', 'user186user186', NULL, NULL, 'USER', NULL, NULL),
	('user187', '2023-08-17 14:42:51.317609', '2023-08-17 14:42:57.258916', 'EMPTY', 0, 'user187@naver.com', 0, 'Beginner', b'0', 'user187', 'user187user187', NULL, NULL, 'USER', NULL, NULL),
	('user188', '2023-08-17 14:42:51.336541', '2023-08-17 14:42:57.258916', 'EMPTY', 0, 'user188@naver.com', 0, 'Beginner', b'0', 'user188', 'user188user188', NULL, NULL, 'USER', NULL, NULL),
	('user189', '2023-08-17 14:42:51.355040', '2023-08-17 14:42:57.258916', 'EMPTY', 0, 'user189@naver.com', 0, 'Beginner', b'0', 'user189', 'user189user189', NULL, NULL, 'USER', NULL, NULL),
	('user19', '2023-08-17 14:42:48.158636', '2023-08-17 14:42:57.256918', 'EMPTY', 0, 'user19@naver.com', 0, 'Beginner', b'0', 'user19', 'user19user19', NULL, NULL, 'USER', NULL, NULL),
	('user190', '2023-08-17 14:42:51.372673', '2023-08-17 14:42:57.258916', 'EMPTY', 0, 'user190@naver.com', 0, 'Beginner', b'0', 'user190', 'user190user190', NULL, NULL, 'USER', NULL, NULL),
	('user191', '2023-08-17 14:42:51.392767', '2023-08-17 14:42:57.258916', 'EMPTY', 0, 'user191@naver.com', 0, 'Beginner', b'0', 'user191', 'user191user191', NULL, NULL, 'USER', NULL, NULL),
	('user192', '2023-08-17 14:42:51.414588', '2023-08-17 14:42:57.258916', 'EMPTY', 0, 'user192@naver.com', 0, 'Beginner', b'0', 'user192', 'user192user192', NULL, NULL, 'USER', NULL, NULL),
	('user193', '2023-08-17 14:42:51.433552', '2023-08-17 14:42:57.258916', 'EMPTY', 0, 'user193@naver.com', 0, 'Beginner', b'0', 'user193', 'user193user193', NULL, NULL, 'USER', NULL, NULL),
	('user194', '2023-08-17 14:42:51.452537', '2023-08-17 14:42:57.258916', 'EMPTY', 0, 'user194@naver.com', 0, 'Beginner', b'0', 'user194', 'user194user194', NULL, NULL, 'USER', NULL, NULL),
	('user195', '2023-08-17 14:42:51.470200', '2023-08-17 14:42:57.258916', 'EMPTY', 0, 'user195@naver.com', 0, 'Beginner', b'0', 'user195', 'user195user195', NULL, NULL, 'USER', NULL, NULL),
	('user196', '2023-08-17 14:42:51.490552', '2023-08-17 14:42:57.258916', 'EMPTY', 0, 'user196@naver.com', 0, 'Beginner', b'0', 'user196', 'user196user196', NULL, NULL, 'USER', NULL, NULL),
	('user197', '2023-08-17 14:42:51.510067', '2023-08-17 14:42:57.258916', 'EMPTY', 0, 'user197@naver.com', 0, 'Beginner', b'0', 'user197', 'user197user197', NULL, NULL, 'USER', NULL, NULL),
	('user198', '2023-08-17 14:42:51.528214', '2023-08-17 14:42:57.258916', 'EMPTY', 0, 'user198@naver.com', 0, 'Beginner', b'0', 'user198', 'user198user198', NULL, NULL, 'USER', NULL, NULL),
	('user199', '2023-08-17 14:42:51.545533', '2023-08-17 14:42:57.258916', 'EMPTY', 0, 'user199@naver.com', 0, 'Beginner', b'0', 'user199', 'user199user199', NULL, NULL, 'USER', NULL, NULL),
	('user2', '2023-08-17 14:42:47.866628', '2023-08-17 14:42:57.256918', 'EMPTY', 0, 'user2@naver.com', 0, 'Beginner', b'0', 'user2', 'user2user2', 'https://critservice.s3.ap-northeast-2.amazonaws.com/Profile/369bbf78-2bf6-4072-be96-e5f9f2a12d87.user-basic-profile.png', NULL, 'USER', NULL, NULL),
	('user20', '2023-08-17 14:42:48.175657', '2023-08-17 14:42:57.256918', 'EMPTY', 0, 'user20@naver.com', 0, 'Beginner', b'0', 'user20', 'user20user20', NULL, NULL, 'USER', NULL, NULL),
	('user200', '2023-08-17 14:42:51.566577', '2023-08-17 14:42:57.258916', 'EMPTY', 0, 'user200@naver.com', 0, 'Beginner', b'0', 'user200', 'user200user200', NULL, NULL, 'USER', NULL, NULL),
	('user201', '2023-08-17 14:42:51.587590', '2023-08-17 14:42:57.258916', 'EMPTY', 0, 'user201@naver.com', 0, 'Beginner', b'0', 'user201', 'user201user201', NULL, NULL, 'USER', NULL, NULL),
	('user202', '2023-08-17 14:42:51.607494', '2023-08-17 14:42:57.258916', 'EMPTY', 0, 'user202@naver.com', 0, 'Beginner', b'0', 'user202', 'user202user202', NULL, NULL, 'USER', NULL, NULL),
	('user203', '2023-08-17 14:42:51.628638', '2023-08-17 14:42:57.258916', 'EMPTY', 0, 'user203@naver.com', 0, 'Beginner', b'0', 'user203', 'user203user203', NULL, NULL, 'USER', NULL, NULL),
	('user204', '2023-08-17 14:42:51.646121', '2023-08-17 14:42:57.258916', 'EMPTY', 0, 'user204@naver.com', 0, 'Beginner', b'0', 'user204', 'user204user204', NULL, NULL, 'USER', NULL, NULL),
	('user205', '2023-08-17 14:42:51.664743', '2023-08-17 14:42:57.258916', 'EMPTY', 0, 'user205@naver.com', 0, 'Beginner', b'0', 'user205', 'user205user205', NULL, NULL, 'USER', NULL, NULL),
	('user206', '2023-08-17 14:42:51.681458', '2023-08-17 14:42:57.259918', 'EMPTY', 0, 'user206@naver.com', 0, 'Beginner', b'0', 'user206', 'user206user206', NULL, NULL, 'USER', NULL, NULL),
	('user207', '2023-08-17 14:42:51.699547', '2023-08-17 14:42:57.259918', 'EMPTY', 0, 'user207@naver.com', 0, 'Beginner', b'0', 'user207', 'user207user207', NULL, NULL, 'USER', NULL, NULL),
	('user208', '2023-08-17 14:42:51.716343', '2023-08-17 14:42:57.259918', 'EMPTY', 0, 'user208@naver.com', 0, 'Beginner', b'0', 'user208', 'user208user208', NULL, NULL, 'USER', NULL, NULL),
	('user209', '2023-08-17 14:42:51.734211', '2023-08-17 14:42:57.259918', 'EMPTY', 0, 'user209@naver.com', 0, 'Beginner', b'0', 'user209', 'user209user209', NULL, NULL, 'USER', NULL, NULL),
	('user21', '2023-08-17 14:42:48.192689', '2023-08-17 14:42:57.256918', 'EMPTY', 0, 'user21@naver.com', 0, 'Beginner', b'0', 'user21', 'user21user21', NULL, NULL, 'USER', NULL, NULL),
	('user210', '2023-08-17 14:42:51.754211', '2023-08-17 14:42:57.259918', 'EMPTY', 0, 'user210@naver.com', 0, 'Beginner', b'0', 'user210', 'user210user210', NULL, NULL, 'USER', NULL, NULL),
	('user211', '2023-08-17 14:42:51.772837', '2023-08-17 14:42:57.259918', 'EMPTY', 0, 'user211@naver.com', 0, 'Beginner', b'0', 'user211', 'user211user211', NULL, NULL, 'USER', NULL, NULL),
	('user212', '2023-08-17 14:42:51.790809', '2023-08-17 14:42:57.259918', 'EMPTY', 0, 'user212@naver.com', 0, 'Beginner', b'0', 'user212', 'user212user212', NULL, NULL, 'USER', NULL, NULL),
	('user213', '2023-08-17 14:42:51.807809', '2023-08-17 14:42:57.259918', 'EMPTY', 0, 'user213@naver.com', 0, 'Beginner', b'0', 'user213', 'user213user213', NULL, NULL, 'USER', NULL, NULL),
	('user214', '2023-08-17 14:42:51.827809', '2023-08-17 14:42:57.259918', 'EMPTY', 0, 'user214@naver.com', 0, 'Beginner', b'0', 'user214', 'user214user214', NULL, NULL, 'USER', NULL, NULL),
	('user215', '2023-08-17 14:42:51.845809', '2023-08-17 14:42:57.259918', 'EMPTY', 0, 'user215@naver.com', 0, 'Beginner', b'0', 'user215', 'user215user215', NULL, NULL, 'USER', NULL, NULL),
	('user216', '2023-08-17 14:42:51.862896', '2023-08-17 14:42:57.259918', 'EMPTY', 0, 'user216@naver.com', 0, 'Beginner', b'0', 'user216', 'user216user216', NULL, NULL, 'USER', NULL, NULL),
	('user217', '2023-08-17 14:42:51.882523', '2023-08-17 14:42:57.259918', 'EMPTY', 0, 'user217@naver.com', 0, 'Beginner', b'0', 'user217', 'user217user217', NULL, NULL, 'USER', NULL, NULL),
	('user218', '2023-08-17 14:42:51.900528', '2023-08-17 14:42:57.259918', 'EMPTY', 0, 'user218@naver.com', 0, 'Beginner', b'0', 'user218', 'user218user218', NULL, NULL, 'USER', NULL, NULL),
	('user219', '2023-08-17 14:42:51.920512', '2023-08-17 14:42:57.259918', 'EMPTY', 0, 'user219@naver.com', 0, 'Beginner', b'0', 'user219', 'user219user219', NULL, NULL, 'USER', NULL, NULL),
	('user22', '2023-08-17 14:42:48.210421', '2023-08-17 14:42:57.256918', 'EMPTY', 0, 'user22@naver.com', 0, 'Beginner', b'0', 'user22', 'user22user22', NULL, NULL, 'USER', NULL, NULL),
	('user220', '2023-08-17 14:42:51.940202', '2023-08-17 14:42:57.259918', 'EMPTY', 0, 'user220@naver.com', 0, 'Beginner', b'0', 'user220', 'user220user220', NULL, NULL, 'USER', NULL, NULL),
	('user221', '2023-08-17 14:42:51.957855', '2023-08-17 14:42:57.259918', 'EMPTY', 0, 'user221@naver.com', 0, 'Beginner', b'0', 'user221', 'user221user221', NULL, NULL, 'USER', NULL, NULL),
	('user222', '2023-08-17 14:42:51.976034', '2023-08-17 14:42:57.259918', 'EMPTY', 0, 'user222@naver.com', 0, 'Beginner', b'0', 'user222', 'user222user222', NULL, NULL, 'USER', NULL, NULL),
	('user223', '2023-08-17 14:42:51.995666', '2023-08-17 14:42:57.259918', 'EMPTY', 0, 'user223@naver.com', 0, 'Beginner', b'0', 'user223', 'user223user223', NULL, NULL, 'USER', NULL, NULL),
	('user224', '2023-08-17 14:42:52.015077', '2023-08-17 14:42:57.259918', 'EMPTY', 0, 'user224@naver.com', 0, 'Beginner', b'0', 'user224', 'user224user224', NULL, NULL, 'USER', NULL, NULL),
	('user225', '2023-08-17 14:42:52.036713', '2023-08-17 14:42:57.259918', 'EMPTY', 0, 'user225@naver.com', 0, 'Beginner', b'0', 'user225', 'user225user225', NULL, NULL, 'USER', NULL, NULL),
	('user226', '2023-08-17 14:42:52.057063', '2023-08-17 14:42:57.259918', 'EMPTY', 0, 'user226@naver.com', 0, 'Beginner', b'0', 'user226', 'user226user226', NULL, NULL, 'USER', NULL, NULL),
	('user227', '2023-08-17 14:42:52.075994', '2023-08-17 14:42:57.259918', 'EMPTY', 0, 'user227@naver.com', 0, 'Beginner', b'0', 'user227', 'user227user227', NULL, NULL, 'USER', NULL, NULL),
	('user228', '2023-08-17 14:42:52.094966', '2023-08-17 14:42:57.259918', 'EMPTY', 0, 'user228@naver.com', 0, 'Beginner', b'0', 'user228', 'user228user228', NULL, NULL, 'USER', NULL, NULL),
	('user229', '2023-08-17 14:42:52.111615', '2023-08-17 14:42:57.259918', 'EMPTY', 0, 'user229@naver.com', 0, 'Beginner', b'0', 'user229', 'user229user229', NULL, NULL, 'USER', NULL, NULL),
	('user23', '2023-08-17 14:42:48.227261', '2023-08-17 14:42:57.256918', 'EMPTY', 0, 'user23@naver.com', 0, 'Beginner', b'0', 'user23', 'user23user23', NULL, NULL, 'USER', NULL, NULL),
	('user230', '2023-08-17 14:42:52.129862', '2023-08-17 14:42:57.259918', 'EMPTY', 0, 'user230@naver.com', 0, 'Beginner', b'0', 'user230', 'user230user230', NULL, NULL, 'USER', NULL, NULL),
	('user231', '2023-08-17 14:42:52.148283', '2023-08-17 14:42:57.259918', 'EMPTY', 0, 'user231@naver.com', 0, 'Beginner', b'0', 'user231', 'user231user231', NULL, NULL, 'USER', NULL, NULL),
	('user232', '2023-08-17 14:42:52.168242', '2023-08-17 14:42:57.259918', 'EMPTY', 0, 'user232@naver.com', 0, 'Beginner', b'0', 'user232', 'user232user232', NULL, NULL, 'USER', NULL, NULL),
	('user233', '2023-08-17 14:42:52.186950', '2023-08-17 14:42:57.259918', 'EMPTY', 0, 'user233@naver.com', 0, 'Beginner', b'0', 'user233', 'user233user233', NULL, NULL, 'USER', NULL, NULL),
	('user234', '2023-08-17 14:42:52.207743', '2023-08-17 14:42:57.259918', 'EMPTY', 0, 'user234@naver.com', 0, 'Beginner', b'0', 'user234', 'user234user234', NULL, NULL, 'USER', NULL, NULL),
	('user235', '2023-08-17 14:42:52.224316', '2023-08-17 14:42:57.259918', 'EMPTY', 0, 'user235@naver.com', 0, 'Beginner', b'0', 'user235', 'user235user235', NULL, NULL, 'USER', NULL, NULL),
	('user236', '2023-08-17 14:42:52.244935', '2023-08-17 14:42:57.259918', 'EMPTY', 0, 'user236@naver.com', 0, 'Beginner', b'0', 'user236', 'user236user236', NULL, NULL, 'USER', NULL, NULL),
	('user237', '2023-08-17 14:42:52.264636', '2023-08-17 14:42:57.259918', 'EMPTY', 0, 'user237@naver.com', 0, 'Beginner', b'0', 'user237', 'user237user237', NULL, NULL, 'USER', NULL, NULL),
	('user238', '2023-08-17 14:42:52.282733', '2023-08-17 14:42:57.259918', 'EMPTY', 0, 'user238@naver.com', 0, 'Beginner', b'0', 'user238', 'user238user238', NULL, NULL, 'USER', NULL, NULL),
	('user239', '2023-08-17 14:42:52.302463', '2023-08-17 14:42:57.259918', 'EMPTY', 0, 'user239@naver.com', 0, 'Beginner', b'0', 'user239', 'user239user239', NULL, NULL, 'USER', NULL, NULL),
	('user24', '2023-08-17 14:42:48.243848', '2023-08-17 14:42:57.256918', 'EMPTY', 0, 'user24@naver.com', 0, 'Beginner', b'0', 'user24', 'user24user24', NULL, NULL, 'USER', NULL, NULL),
	('user240', '2023-08-17 14:42:52.320036', '2023-08-17 14:42:57.259918', 'EMPTY', 0, 'user240@naver.com', 0, 'Beginner', b'0', 'user240', 'user240user240', NULL, NULL, 'USER', NULL, NULL),
	('user241', '2023-08-17 14:42:52.340531', '2023-08-17 14:42:57.259918', 'EMPTY', 0, 'user241@naver.com', 0, 'Beginner', b'0', 'user241', 'user241user241', NULL, NULL, 'USER', NULL, NULL),
	('user242', '2023-08-17 14:42:52.358509', '2023-08-17 14:42:57.259918', 'EMPTY', 0, 'user242@naver.com', 0, 'Beginner', b'0', 'user242', 'user242user242', NULL, NULL, 'USER', NULL, NULL),
	('user243', '2023-08-17 14:42:52.376106', '2023-08-17 14:42:57.259918', 'EMPTY', 0, 'user243@naver.com', 0, 'Beginner', b'0', 'user243', 'user243user243', NULL, NULL, 'USER', NULL, NULL),
	('user244', '2023-08-17 14:42:52.394210', '2023-08-17 14:42:57.259918', 'EMPTY', 0, 'user244@naver.com', 0, 'Beginner', b'0', 'user244', 'user244user244', NULL, NULL, 'USER', NULL, NULL),
	('user245', '2023-08-17 14:42:52.414328', '2023-08-17 14:42:57.259918', 'EMPTY', 0, 'user245@naver.com', 0, 'Beginner', b'0', 'user245', 'user245user245', NULL, NULL, 'USER', NULL, NULL),
	('user246', '2023-08-17 14:42:52.435767', '2023-08-17 14:42:57.259918', 'EMPTY', 0, 'user246@naver.com', 0, 'Beginner', b'0', 'user246', 'user246user246', NULL, NULL, 'USER', NULL, NULL),
	('user247', '2023-08-17 14:42:52.454162', '2023-08-17 14:42:57.259918', 'EMPTY', 0, 'user247@naver.com', 0, 'Beginner', b'0', 'user247', 'user247user247', NULL, NULL, 'USER', NULL, NULL),
	('user248', '2023-08-17 14:42:52.472421', '2023-08-17 14:42:57.259918', 'EMPTY', 0, 'user248@naver.com', 0, 'Beginner', b'0', 'user248', 'user248user248', NULL, NULL, 'USER', NULL, NULL),
	('user249', '2023-08-17 14:42:52.492121', '2023-08-17 14:42:57.259918', 'EMPTY', 0, 'user249@naver.com', 0, 'Beginner', b'0', 'user249', 'user249user249', NULL, NULL, 'USER', NULL, NULL),
	('user25', '2023-08-17 14:42:48.260877', '2023-08-17 14:42:57.256918', 'EMPTY', 0, 'user25@naver.com', 0, 'Beginner', b'0', 'user25', 'user25user25', NULL, NULL, 'USER', NULL, NULL),
	('user250', '2023-08-17 14:42:52.511109', '2023-08-17 14:42:57.259918', 'EMPTY', 0, 'user250@naver.com', 0, 'Beginner', b'0', 'user250', 'user250user250', NULL, NULL, 'USER', NULL, NULL),
	('user251', '2023-08-17 14:42:52.529576', '2023-08-17 14:42:57.259918', 'EMPTY', 0, 'user251@naver.com', 0, 'Beginner', b'0', 'user251', 'user251user251', NULL, NULL, 'USER', NULL, NULL),
	('user252', '2023-08-17 14:42:52.548039', '2023-08-17 14:42:57.259918', 'EMPTY', 0, 'user252@naver.com', 0, 'Beginner', b'0', 'user252', 'user252user252', NULL, NULL, 'USER', NULL, NULL),
	('user253', '2023-08-17 14:42:52.568585', '2023-08-17 14:42:57.259918', 'EMPTY', 0, 'user253@naver.com', 0, 'Beginner', b'0', 'user253', 'user253user253', NULL, NULL, 'USER', NULL, NULL),
	('user254', '2023-08-17 14:42:52.588671', '2023-08-17 14:42:57.259918', 'EMPTY', 0, 'user254@naver.com', 0, 'Beginner', b'0', 'user254', 'user254user254', NULL, NULL, 'USER', NULL, NULL),
	('user255', '2023-08-17 14:42:52.605962', '2023-08-17 14:42:57.259918', 'EMPTY', 0, 'user255@naver.com', 0, 'Beginner', b'0', 'user255', 'user255user255', NULL, NULL, 'USER', NULL, NULL),
	('user256', '2023-08-17 14:42:52.626849', '2023-08-17 14:42:57.259918', 'EMPTY', 0, 'user256@naver.com', 0, 'Beginner', b'0', 'user256', 'user256user256', NULL, NULL, 'USER', NULL, NULL),
	('user257', '2023-08-17 14:42:52.646386', '2023-08-17 14:42:57.259918', 'EMPTY', 0, 'user257@naver.com', 0, 'Beginner', b'0', 'user257', 'user257user257', NULL, NULL, 'USER', NULL, NULL),
	('user258', '2023-08-17 14:42:52.664019', '2023-08-17 14:42:57.259918', 'EMPTY', 0, 'user258@naver.com', 0, 'Beginner', b'0', 'user258', 'user258user258', NULL, NULL, 'USER', NULL, NULL),
	('user259', '2023-08-17 14:42:52.682214', '2023-08-17 14:42:57.259918', 'EMPTY', 0, 'user259@naver.com', 0, 'Beginner', b'0', 'user259', 'user259user259', NULL, NULL, 'USER', NULL, NULL),
	('user26', '2023-08-17 14:42:48.278091', '2023-08-17 14:42:57.256918', 'EMPTY', 0, 'user26@naver.com', 0, 'Beginner', b'0', 'user26', 'user26user26', NULL, NULL, 'USER', NULL, NULL),
	('user260', '2023-08-17 14:42:52.701383', '2023-08-17 14:42:57.259918', 'EMPTY', 0, 'user260@naver.com', 0, 'Beginner', b'0', 'user260', 'user260user260', NULL, NULL, 'USER', NULL, NULL),
	('user261', '2023-08-17 14:42:52.720189', '2023-08-17 14:42:57.259918', 'EMPTY', 0, 'user261@naver.com', 0, 'Beginner', b'0', 'user261', 'user261user261', NULL, NULL, 'USER', NULL, NULL),
	('user262', '2023-08-17 14:42:52.738533', '2023-08-17 14:42:57.259918', 'EMPTY', 0, 'user262@naver.com', 0, 'Beginner', b'0', 'user262', 'user262user262', NULL, NULL, 'USER', NULL, NULL),
	('user263', '2023-08-17 14:42:52.755820', '2023-08-17 14:42:57.259918', 'EMPTY', 0, 'user263@naver.com', 0, 'Beginner', b'0', 'user263', 'user263user263', NULL, NULL, 'USER', NULL, NULL),
	('user264', '2023-08-17 14:42:52.774391', '2023-08-17 14:42:57.259918', 'EMPTY', 0, 'user264@naver.com', 0, 'Beginner', b'0', 'user264', 'user264user264', NULL, NULL, 'USER', NULL, NULL),
	('user265', '2023-08-17 14:42:52.791129', '2023-08-17 14:42:57.259918', 'EMPTY', 0, 'user265@naver.com', 0, 'Beginner', b'0', 'user265', 'user265user265', NULL, NULL, 'USER', NULL, NULL),
	('user266', '2023-08-17 14:42:52.812468', '2023-08-17 14:42:57.259918', 'EMPTY', 0, 'user266@naver.com', 0, 'Beginner', b'0', 'user266', 'user266user266', NULL, NULL, 'USER', NULL, NULL),
	('user267', '2023-08-17 14:42:52.830294', '2023-08-17 14:42:57.259918', 'EMPTY', 0, 'user267@naver.com', 0, 'Beginner', b'0', 'user267', 'user267user267', NULL, NULL, 'USER', NULL, NULL),
	('user268', '2023-08-17 14:42:52.850513', '2023-08-17 14:42:57.259918', 'EMPTY', 0, 'user268@naver.com', 0, 'Beginner', b'0', 'user268', 'user268user268', NULL, NULL, 'USER', NULL, NULL),
	('user269', '2023-08-17 14:42:52.871253', '2023-08-17 14:42:57.259918', 'EMPTY', 0, 'user269@naver.com', 0, 'Beginner', b'0', 'user269', 'user269user269', NULL, NULL, 'USER', NULL, NULL),
	('user27', '2023-08-17 14:42:48.303099', '2023-08-17 14:42:57.256918', 'EMPTY', 0, 'user27@naver.com', 0, 'Beginner', b'0', 'user27', 'user27user27', NULL, NULL, 'USER', NULL, NULL),
	('user270', '2023-08-17 14:42:52.887614', '2023-08-17 14:42:57.259918', 'EMPTY', 0, 'user270@naver.com', 0, 'Beginner', b'0', 'user270', 'user270user270', NULL, NULL, 'USER', NULL, NULL),
	('user271', '2023-08-17 14:42:52.908134', '2023-08-17 14:42:57.259918', 'EMPTY', 0, 'user271@naver.com', 0, 'Beginner', b'0', 'user271', 'user271user271', NULL, NULL, 'USER', NULL, NULL),
	('user272', '2023-08-17 14:42:52.925529', '2023-08-17 14:42:57.259918', 'EMPTY', 0, 'user272@naver.com', 0, 'Beginner', b'0', 'user272', 'user272user272', NULL, NULL, 'USER', NULL, NULL),
	('user273', '2023-08-17 14:42:52.947528', '2023-08-17 14:42:57.259918', 'EMPTY', 0, 'user273@naver.com', 0, 'Beginner', b'0', 'user273', 'user273user273', NULL, NULL, 'USER', NULL, NULL),
	('user274', '2023-08-17 14:42:52.965288', '2023-08-17 14:42:57.259918', 'EMPTY', 0, 'user274@naver.com', 0, 'Beginner', b'0', 'user274', 'user274user274', NULL, NULL, 'USER', NULL, NULL),
	('user275', '2023-08-17 14:42:52.983542', '2023-08-17 14:42:57.259918', 'EMPTY', 0, 'user275@naver.com', 0, 'Beginner', b'0', 'user275', 'user275user275', NULL, NULL, 'USER', NULL, NULL),
	('user276', '2023-08-17 14:42:53.000290', '2023-08-17 14:42:57.259918', 'EMPTY', 0, 'user276@naver.com', 0, 'Beginner', b'0', 'user276', 'user276user276', NULL, NULL, 'USER', NULL, NULL),
	('user277', '2023-08-17 14:42:53.018240', '2023-08-17 14:42:57.259918', 'EMPTY', 0, 'user277@naver.com', 0, 'Beginner', b'0', 'user277', 'user277user277', NULL, NULL, 'USER', NULL, NULL),
	('user278', '2023-08-17 14:42:53.037039', '2023-08-17 14:42:57.259918', 'EMPTY', 0, 'user278@naver.com', 0, 'Beginner', b'0', 'user278', 'user278user278', NULL, NULL, 'USER', NULL, NULL),
	('user279', '2023-08-17 14:42:53.053670', '2023-08-17 14:42:57.259918', 'EMPTY', 0, 'user279@naver.com', 0, 'Beginner', b'0', 'user279', 'user279user279', NULL, NULL, 'USER', NULL, NULL),
	('user28', '2023-08-17 14:42:48.319619', '2023-08-17 14:42:57.256918', 'EMPTY', 0, 'user28@naver.com', 0, 'Beginner', b'0', 'user28', 'user28user28', NULL, NULL, 'USER', NULL, NULL),
	('user280', '2023-08-17 14:42:53.074867', '2023-08-17 14:42:57.259918', 'EMPTY', 0, 'user280@naver.com', 0, 'Beginner', b'0', 'user280', 'user280user280', NULL, NULL, 'USER', NULL, NULL),
	('user281', '2023-08-17 14:42:53.092993', '2023-08-17 14:42:57.259918', 'EMPTY', 0, 'user281@naver.com', 0, 'Beginner', b'0', 'user281', 'user281user281', NULL, NULL, 'USER', NULL, NULL),
	('user282', '2023-08-17 14:42:53.110780', '2023-08-17 14:42:57.259918', 'EMPTY', 0, 'user282@naver.com', 0, 'Beginner', b'0', 'user282', 'user282user282', NULL, NULL, 'USER', NULL, NULL),
	('user283', '2023-08-17 14:42:53.129588', '2023-08-17 14:42:57.260918', 'EMPTY', 0, 'user283@naver.com', 0, 'Beginner', b'0', 'user283', 'user283user283', NULL, NULL, 'USER', NULL, NULL),
	('user284', '2023-08-17 14:42:53.148539', '2023-08-17 14:42:57.260918', 'EMPTY', 0, 'user284@naver.com', 0, 'Beginner', b'0', 'user284', 'user284user284', NULL, NULL, 'USER', NULL, NULL),
	('user285', '2023-08-17 14:42:53.165447', '2023-08-17 14:42:57.260918', 'EMPTY', 0, 'user285@naver.com', 0, 'Beginner', b'0', 'user285', 'user285user285', NULL, NULL, 'USER', NULL, NULL),
	('user286', '2023-08-17 14:42:53.183190', '2023-08-17 14:42:57.260918', 'EMPTY', 0, 'user286@naver.com', 0, 'Beginner', b'0', 'user286', 'user286user286', NULL, NULL, 'USER', NULL, NULL),
	('user287', '2023-08-17 14:42:53.199333', '2023-08-17 14:42:57.260918', 'EMPTY', 0, 'user287@naver.com', 0, 'Beginner', b'0', 'user287', 'user287user287', NULL, NULL, 'USER', NULL, NULL),
	('user288', '2023-08-17 14:42:53.218441', '2023-08-17 14:42:57.260918', 'EMPTY', 0, 'user288@naver.com', 0, 'Beginner', b'0', 'user288', 'user288user288', NULL, NULL, 'USER', NULL, NULL),
	('user289', '2023-08-17 14:42:53.235633', '2023-08-17 14:42:57.260918', 'EMPTY', 0, 'user289@naver.com', 0, 'Beginner', b'0', 'user289', 'user289user289', NULL, NULL, 'USER', NULL, NULL),
	('user29', '2023-08-17 14:42:48.336604', '2023-08-17 14:42:57.256918', 'EMPTY', 0, 'user29@naver.com', 0, 'Beginner', b'0', 'user29', 'user29user29', NULL, NULL, 'USER', NULL, NULL),
	('user290', '2023-08-17 14:42:53.252927', '2023-08-17 14:42:57.260918', 'EMPTY', 0, 'user290@naver.com', 0, 'Beginner', b'0', 'user290', 'user290user290', NULL, NULL, 'USER', NULL, NULL),
	('user291', '2023-08-17 14:42:53.271007', '2023-08-17 14:42:57.260918', 'EMPTY', 0, 'user291@naver.com', 0, 'Beginner', b'0', 'user291', 'user291user291', NULL, NULL, 'USER', NULL, NULL),
	('user292', '2023-08-17 14:42:53.287333', '2023-08-17 14:42:57.260918', 'EMPTY', 0, 'user292@naver.com', 0, 'Beginner', b'0', 'user292', 'user292user292', NULL, NULL, 'USER', NULL, NULL),
	('user293', '2023-08-17 14:42:53.305855', '2023-08-17 14:42:57.260918', 'EMPTY', 0, 'user293@naver.com', 0, 'Beginner', b'0', 'user293', 'user293user293', NULL, NULL, 'USER', NULL, NULL),
	('user294', '2023-08-17 14:42:53.322524', '2023-08-17 14:42:57.260918', 'EMPTY', 0, 'user294@naver.com', 0, 'Beginner', b'0', 'user294', 'user294user294', NULL, NULL, 'USER', NULL, NULL),
	('user295', '2023-08-17 14:42:53.338307', '2023-08-17 14:42:57.260918', 'EMPTY', 0, 'user295@naver.com', 0, 'Beginner', b'0', 'user295', 'user295user295', NULL, NULL, 'USER', NULL, NULL),
	('user296', '2023-08-17 14:42:53.357325', '2023-08-17 14:42:57.260918', 'EMPTY', 0, 'user296@naver.com', 0, 'Beginner', b'0', 'user296', 'user296user296', NULL, NULL, 'USER', NULL, NULL),
	('user297', '2023-08-17 14:42:53.373636', '2023-08-17 14:42:57.260918', 'EMPTY', 0, 'user297@naver.com', 0, 'Beginner', b'0', 'user297', 'user297user297', NULL, NULL, 'USER', NULL, NULL),
	('user298', '2023-08-17 14:42:53.394830', '2023-08-17 14:42:57.260918', 'EMPTY', 0, 'user298@naver.com', 0, 'Beginner', b'0', 'user298', 'user298user298', NULL, NULL, 'USER', NULL, NULL),
	('user299', '2023-08-17 14:42:53.415059', '2023-08-17 14:42:57.260918', 'EMPTY', 0, 'user299@naver.com', 0, 'Beginner', b'0', 'user299', 'user299user299', NULL, NULL, 'USER', NULL, NULL),
	('user3', '2023-08-17 14:42:47.883628', '2023-08-17 14:42:57.256918', 'EMPTY', 0, 'user3@naver.com', 0, 'Beginner', b'0', 'user3', 'user3user3', 'https://critservice.s3.ap-northeast-2.amazonaws.com/Profile/369bbf78-2bf6-4072-be96-e5f9f2a12d87.user-basic-profile.png', NULL, 'USER', NULL, NULL),
	('user30', '2023-08-17 14:42:48.355021', '2023-08-17 14:42:57.256918', 'EMPTY', 0, 'user30@naver.com', 0, 'Beginner', b'0', 'user30', 'user30user30', NULL, NULL, 'USER', NULL, NULL),
	('user300', '2023-08-17 14:42:53.433129', '2023-08-17 14:42:57.260918', 'EMPTY', 0, 'user300@naver.com', 0, 'Beginner', b'0', 'user300', 'user300user300', NULL, NULL, 'USER', NULL, NULL),
	('user301', '2023-08-17 14:42:53.451369', '2023-08-17 14:42:57.260918', 'EMPTY', 0, 'user301@naver.com', 0, 'Beginner', b'0', 'user301', 'user301user301', NULL, NULL, 'USER', NULL, NULL),
	('user302', '2023-08-17 14:42:53.469361', '2023-08-17 14:42:57.260918', 'EMPTY', 0, 'user302@naver.com', 0, 'Beginner', b'0', 'user302', 'user302user302', NULL, NULL, 'USER', NULL, NULL),
	('user303', '2023-08-17 14:42:53.489358', '2023-08-17 14:42:57.260918', 'EMPTY', 0, 'user303@naver.com', 0, 'Beginner', b'0', 'user303', 'user303user303', NULL, NULL, 'USER', NULL, NULL),
	('user304', '2023-08-17 14:42:53.506398', '2023-08-17 14:42:57.260918', 'EMPTY', 0, 'user304@naver.com', 0, 'Beginner', b'0', 'user304', 'user304user304', NULL, NULL, 'USER', NULL, NULL),
	('user305', '2023-08-17 14:42:53.526292', '2023-08-17 14:42:57.260918', 'EMPTY', 0, 'user305@naver.com', 0, 'Beginner', b'0', 'user305', 'user305user305', NULL, NULL, 'USER', NULL, NULL),
	('user306', '2023-08-17 14:42:53.545050', '2023-08-17 14:42:57.260918', 'EMPTY', 0, 'user306@naver.com', 0, 'Beginner', b'0', 'user306', 'user306user306', NULL, NULL, 'USER', NULL, NULL),
	('user307', '2023-08-17 14:42:53.564309', '2023-08-17 14:42:57.260918', 'EMPTY', 0, 'user307@naver.com', 0, 'Beginner', b'0', 'user307', 'user307user307', NULL, NULL, 'USER', NULL, NULL),
	('user308', '2023-08-17 14:42:53.581336', '2023-08-17 14:42:57.260918', 'EMPTY', 0, 'user308@naver.com', 0, 'Beginner', b'0', 'user308', 'user308user308', NULL, NULL, 'USER', NULL, NULL),
	('user309', '2023-08-17 14:42:53.600228', '2023-08-17 14:42:57.260918', 'EMPTY', 0, 'user309@naver.com', 0, 'Beginner', b'0', 'user309', 'user309user309', NULL, NULL, 'USER', NULL, NULL),
	('user31', '2023-08-17 14:42:48.371812', '2023-08-17 14:42:57.256918', 'EMPTY', 0, 'user31@naver.com', 0, 'Beginner', b'0', 'user31', 'user31user31', NULL, NULL, 'USER', NULL, NULL),
	('user310', '2023-08-17 14:42:53.620412', '2023-08-17 14:42:57.260918', 'EMPTY', 0, 'user310@naver.com', 0, 'Beginner', b'0', 'user310', 'user310user310', NULL, NULL, 'USER', NULL, NULL),
	('user311', '2023-08-17 14:42:53.640282', '2023-08-17 14:42:57.260918', 'EMPTY', 0, 'user311@naver.com', 0, 'Beginner', b'0', 'user311', 'user311user311', NULL, NULL, 'USER', NULL, NULL),
	('user312', '2023-08-17 14:42:53.665341', '2023-08-17 14:42:57.260918', 'EMPTY', 0, 'user312@naver.com', 0, 'Beginner', b'0', 'user312', 'user312user312', NULL, NULL, 'USER', NULL, NULL),
	('user313', '2023-08-17 14:42:53.683848', '2023-08-17 14:42:57.260918', 'EMPTY', 0, 'user313@naver.com', 0, 'Beginner', b'0', 'user313', 'user313user313', NULL, NULL, 'USER', NULL, NULL),
	('user314', '2023-08-17 14:42:53.701500', '2023-08-17 14:42:57.260918', 'EMPTY', 0, 'user314@naver.com', 0, 'Beginner', b'0', 'user314', 'user314user314', NULL, NULL, 'USER', NULL, NULL),
	('user315', '2023-08-17 14:42:53.720512', '2023-08-17 14:42:57.260918', 'EMPTY', 0, 'user315@naver.com', 0, 'Beginner', b'0', 'user315', 'user315user315', NULL, NULL, 'USER', NULL, NULL),
	('user316', '2023-08-17 14:42:53.738511', '2023-08-17 14:42:57.260918', 'EMPTY', 0, 'user316@naver.com', 0, 'Beginner', b'0', 'user316', 'user316user316', NULL, NULL, 'USER', NULL, NULL),
	('user317', '2023-08-17 14:42:53.755511', '2023-08-17 14:42:57.260918', 'EMPTY', 0, 'user317@naver.com', 0, 'Beginner', b'0', 'user317', 'user317user317', NULL, NULL, 'USER', NULL, NULL),
	('user318', '2023-08-17 14:42:53.780513', '2023-08-17 14:42:57.260918', 'EMPTY', 0, 'user318@naver.com', 0, 'Beginner', b'0', 'user318', 'user318user318', NULL, NULL, 'USER', NULL, NULL),
	('user319', '2023-08-17 14:42:53.798544', '2023-08-17 14:42:57.260918', 'EMPTY', 0, 'user319@naver.com', 0, 'Beginner', b'0', 'user319', 'user319user319', NULL, NULL, 'USER', NULL, NULL),
	('user32', '2023-08-17 14:42:48.388783', '2023-08-17 14:42:57.256918', 'EMPTY', 0, 'user32@naver.com', 0, 'Beginner', b'0', 'user32', 'user32user32', NULL, NULL, 'USER', NULL, NULL),
	('user320', '2023-08-17 14:42:53.816607', '2023-08-17 14:42:57.260918', 'EMPTY', 0, 'user320@naver.com', 0, 'Beginner', b'0', 'user320', 'user320user320', NULL, NULL, 'USER', NULL, NULL),
	('user321', '2023-08-17 14:42:53.836555', '2023-08-17 14:42:57.260918', 'EMPTY', 0, 'user321@naver.com', 0, 'Beginner', b'0', 'user321', 'user321user321', NULL, NULL, 'USER', NULL, NULL),
	('user322', '2023-08-17 14:42:53.857554', '2023-08-17 14:42:57.260918', 'EMPTY', 0, 'user322@naver.com', 0, 'Beginner', b'0', 'user322', 'user322user322', NULL, NULL, 'USER', NULL, NULL),
	('user323', '2023-08-17 14:42:53.875588', '2023-08-17 14:42:57.260918', 'EMPTY', 0, 'user323@naver.com', 0, 'Beginner', b'0', 'user323', 'user323user323', NULL, NULL, 'USER', NULL, NULL),
	('user324', '2023-08-17 14:42:53.895571', '2023-08-17 14:42:57.260918', 'EMPTY', 0, 'user324@naver.com', 0, 'Beginner', b'0', 'user324', 'user324user324', NULL, NULL, 'USER', NULL, NULL),
	('user325', '2023-08-17 14:42:53.915570', '2023-08-17 14:42:57.260918', 'EMPTY', 0, 'user325@naver.com', 0, 'Beginner', b'0', 'user325', 'user325user325', NULL, NULL, 'USER', NULL, NULL),
	('user326', '2023-08-17 14:42:53.934577', '2023-08-17 14:42:57.260918', 'EMPTY', 0, 'user326@naver.com', 0, 'Beginner', b'0', 'user326', 'user326user326', NULL, NULL, 'USER', NULL, NULL),
	('user327', '2023-08-17 14:42:53.957571', '2023-08-17 14:42:57.260918', 'EMPTY', 0, 'user327@naver.com', 0, 'Beginner', b'0', 'user327', 'user327user327', NULL, NULL, 'USER', NULL, NULL),
	('user328', '2023-08-17 14:42:53.975572', '2023-08-17 14:42:57.260918', 'EMPTY', 0, 'user328@naver.com', 0, 'Beginner', b'0', 'user328', 'user328user328', NULL, NULL, 'USER', NULL, NULL),
	('user329', '2023-08-17 14:42:53.997572', '2023-08-17 14:42:57.260918', 'EMPTY', 0, 'user329@naver.com', 0, 'Beginner', b'0', 'user329', 'user329user329', NULL, NULL, 'USER', NULL, NULL),
	('user33', '2023-08-17 14:42:48.406088', '2023-08-17 14:42:57.256918', 'EMPTY', 0, 'user33@naver.com', 0, 'Beginner', b'0', 'user33', 'user33user33', NULL, NULL, 'USER', NULL, NULL),
	('user330', '2023-08-17 14:42:54.015573', '2023-08-17 14:42:57.260918', 'EMPTY', 0, 'user330@naver.com', 0, 'Beginner', b'0', 'user330', 'user330user330', NULL, NULL, 'USER', NULL, NULL),
	('user331', '2023-08-17 14:42:54.046572', '2023-08-17 14:42:57.261928', 'EMPTY', 0, 'user331@naver.com', 0, 'Beginner', b'0', 'user331', 'user331user331', NULL, NULL, 'USER', NULL, NULL),
	('user332', '2023-08-17 14:42:54.063573', '2023-08-17 14:42:57.261928', 'EMPTY', 0, 'user332@naver.com', 0, 'Beginner', b'0', 'user332', 'user332user332', NULL, NULL, 'USER', NULL, NULL),
	('user333', '2023-08-17 14:42:54.082573', '2023-08-17 14:42:57.261928', 'EMPTY', 0, 'user333@naver.com', 0, 'Beginner', b'0', 'user333', 'user333user333', NULL, NULL, 'USER', NULL, NULL),
	('user334', '2023-08-17 14:42:54.099573', '2023-08-17 14:42:57.261928', 'EMPTY', 0, 'user334@naver.com', 0, 'Beginner', b'0', 'user334', 'user334user334', NULL, NULL, 'USER', NULL, NULL),
	('user335', '2023-08-17 14:42:54.119583', '2023-08-17 14:42:57.261928', 'EMPTY', 0, 'user335@naver.com', 0, 'Beginner', b'0', 'user335', 'user335user335', NULL, NULL, 'USER', NULL, NULL),
	('user336', '2023-08-17 14:42:54.136588', '2023-08-17 14:42:57.261928', 'EMPTY', 0, 'user336@naver.com', 0, 'Beginner', b'0', 'user336', 'user336user336', NULL, NULL, 'USER', NULL, NULL),
	('user337', '2023-08-17 14:42:54.155583', '2023-08-17 14:42:57.261928', 'EMPTY', 0, 'user337@naver.com', 0, 'Beginner', b'0', 'user337', 'user337user337', NULL, NULL, 'USER', NULL, NULL),
	('user338', '2023-08-17 14:42:54.176583', '2023-08-17 14:42:57.261928', 'EMPTY', 0, 'user338@naver.com', 0, 'Beginner', b'0', 'user338', 'user338user338', NULL, NULL, 'USER', NULL, NULL),
	('user339', '2023-08-17 14:42:54.205602', '2023-08-17 14:42:57.261928', 'EMPTY', 0, 'user339@naver.com', 0, 'Beginner', b'0', 'user339', 'user339user339', NULL, NULL, 'USER', NULL, NULL),
	('user34', '2023-08-17 14:42:48.422781', '2023-08-17 14:42:57.256918', 'EMPTY', 0, 'user34@naver.com', 0, 'Beginner', b'0', 'user34', 'user34user34', NULL, NULL, 'USER', NULL, NULL),
	('user340', '2023-08-17 14:42:54.221593', '2023-08-17 14:42:57.261928', 'EMPTY', 0, 'user340@naver.com', 0, 'Beginner', b'0', 'user340', 'user340user340', NULL, NULL, 'USER', NULL, NULL),
	('user341', '2023-08-17 14:42:54.240594', '2023-08-17 14:42:57.261928', 'EMPTY', 0, 'user341@naver.com', 0, 'Beginner', b'0', 'user341', 'user341user341', NULL, NULL, 'USER', NULL, NULL),
	('user342', '2023-08-17 14:42:54.261678', '2023-08-17 14:42:57.261928', 'EMPTY', 0, 'user342@naver.com', 0, 'Beginner', b'0', 'user342', 'user342user342', NULL, NULL, 'USER', NULL, NULL),
	('user343', '2023-08-17 14:42:54.281007', '2023-08-17 14:42:57.261928', 'EMPTY', 0, 'user343@naver.com', 0, 'Beginner', b'0', 'user343', 'user343user343', NULL, NULL, 'USER', NULL, NULL),
	('user344', '2023-08-17 14:42:54.299309', '2023-08-17 14:42:57.261928', 'EMPTY', 0, 'user344@naver.com', 0, 'Beginner', b'0', 'user344', 'user344user344', NULL, NULL, 'USER', NULL, NULL),
	('user345', '2023-08-17 14:42:54.318655', '2023-08-17 14:42:57.261928', 'EMPTY', 0, 'user345@naver.com', 0, 'Beginner', b'0', 'user345', 'user345user345', NULL, NULL, 'USER', NULL, NULL),
	('user346', '2023-08-17 14:42:54.336439', '2023-08-17 14:42:57.261928', 'EMPTY', 0, 'user346@naver.com', 0, 'Beginner', b'0', 'user346', 'user346user346', NULL, NULL, 'USER', NULL, NULL),
	('user347', '2023-08-17 14:42:54.354580', '2023-08-17 14:42:57.261928', 'EMPTY', 0, 'user347@naver.com', 0, 'Beginner', b'0', 'user347', 'user347user347', NULL, NULL, 'USER', NULL, NULL),
	('user348', '2023-08-17 14:42:54.373972', '2023-08-17 14:42:57.261928', 'EMPTY', 0, 'user348@naver.com', 0, 'Beginner', b'0', 'user348', 'user348user348', NULL, NULL, 'USER', NULL, NULL),
	('user349', '2023-08-17 14:42:54.391884', '2023-08-17 14:42:57.261928', 'EMPTY', 0, 'user349@naver.com', 0, 'Beginner', b'0', 'user349', 'user349user349', NULL, NULL, 'USER', NULL, NULL),
	('user35', '2023-08-17 14:42:48.440266', '2023-08-17 14:42:57.256918', 'EMPTY', 0, 'user35@naver.com', 0, 'Beginner', b'0', 'user35', 'user35user35', NULL, NULL, 'USER', NULL, NULL),
	('user350', '2023-08-17 14:42:54.410704', '2023-08-17 14:42:57.261928', 'EMPTY', 0, 'user350@naver.com', 0, 'Beginner', b'0', 'user350', 'user350user350', NULL, NULL, 'USER', NULL, NULL),
	('user351', '2023-08-17 14:42:54.429619', '2023-08-17 14:42:57.261928', 'EMPTY', 0, 'user351@naver.com', 0, 'Beginner', b'0', 'user351', 'user351user351', NULL, NULL, 'USER', NULL, NULL),
	('user352', '2023-08-17 14:42:54.451709', '2023-08-17 14:42:57.261928', 'EMPTY', 0, 'user352@naver.com', 0, 'Beginner', b'0', 'user352', 'user352user352', NULL, NULL, 'USER', NULL, NULL),
	('user353', '2023-08-17 14:42:54.471300', '2023-08-17 14:42:57.261928', 'EMPTY', 0, 'user353@naver.com', 0, 'Beginner', b'0', 'user353', 'user353user353', NULL, NULL, 'USER', NULL, NULL),
	('user354', '2023-08-17 14:42:54.491290', '2023-08-17 14:42:57.261928', 'EMPTY', 0, 'user354@naver.com', 0, 'Beginner', b'0', 'user354', 'user354user354', NULL, NULL, 'USER', NULL, NULL),
	('user355', '2023-08-17 14:42:54.511376', '2023-08-17 14:42:57.261928', 'EMPTY', 0, 'user355@naver.com', 0, 'Beginner', b'0', 'user355', 'user355user355', NULL, NULL, 'USER', NULL, NULL),
	('user356', '2023-08-17 14:42:54.533050', '2023-08-17 14:42:57.261928', 'EMPTY', 0, 'user356@naver.com', 0, 'Beginner', b'0', 'user356', 'user356user356', NULL, NULL, 'USER', NULL, NULL),
	('user357', '2023-08-17 14:42:54.550331', '2023-08-17 14:42:57.261928', 'EMPTY', 0, 'user357@naver.com', 0, 'Beginner', b'0', 'user357', 'user357user357', NULL, NULL, 'USER', NULL, NULL),
	('user358', '2023-08-17 14:42:54.570892', '2023-08-17 14:42:57.261928', 'EMPTY', 0, 'user358@naver.com', 0, 'Beginner', b'0', 'user358', 'user358user358', NULL, NULL, 'USER', NULL, NULL),
	('user359', '2023-08-17 14:42:54.588137', '2023-08-17 14:42:57.261928', 'EMPTY', 0, 'user359@naver.com', 0, 'Beginner', b'0', 'user359', 'user359user359', NULL, NULL, 'USER', NULL, NULL),
	('user36', '2023-08-17 14:42:48.457110', '2023-08-17 14:42:57.256918', 'EMPTY', 0, 'user36@naver.com', 0, 'Beginner', b'0', 'user36', 'user36user36', NULL, NULL, 'USER', NULL, NULL),
	('user360', '2023-08-17 14:42:54.607234', '2023-08-17 14:42:57.261928', 'EMPTY', 0, 'user360@naver.com', 0, 'Beginner', b'0', 'user360', 'user360user360', NULL, NULL, 'USER', NULL, NULL),
	('user361', '2023-08-17 14:42:54.627172', '2023-08-17 14:42:57.261928', 'EMPTY', 0, 'user361@naver.com', 0, 'Beginner', b'0', 'user361', 'user361user361', NULL, NULL, 'USER', NULL, NULL),
	('user362', '2023-08-17 14:42:54.647173', '2023-08-17 14:42:57.261928', 'EMPTY', 0, 'user362@naver.com', 0, 'Beginner', b'0', 'user362', 'user362user362', NULL, NULL, 'USER', NULL, NULL),
	('user363', '2023-08-17 14:42:54.669173', '2023-08-17 14:42:57.261928', 'EMPTY', 0, 'user363@naver.com', 0, 'Beginner', b'0', 'user363', 'user363user363', NULL, NULL, 'USER', NULL, NULL),
	('user364', '2023-08-17 14:42:54.690172', '2023-08-17 14:42:57.261928', 'EMPTY', 0, 'user364@naver.com', 0, 'Beginner', b'0', 'user364', 'user364user364', NULL, NULL, 'USER', NULL, NULL),
	('user365', '2023-08-17 14:42:54.708172', '2023-08-17 14:42:57.261928', 'EMPTY', 0, 'user365@naver.com', 0, 'Beginner', b'0', 'user365', 'user365user365', NULL, NULL, 'USER', NULL, NULL),
	('user366', '2023-08-17 14:42:54.726288', '2023-08-17 14:42:57.261928', 'EMPTY', 0, 'user366@naver.com', 0, 'Beginner', b'0', 'user366', 'user366user366', NULL, NULL, 'USER', NULL, NULL),
	('user367', '2023-08-17 14:42:54.747949', '2023-08-17 14:42:57.261928', 'EMPTY', 0, 'user367@naver.com', 0, 'Beginner', b'0', 'user367', 'user367user367', NULL, NULL, 'USER', NULL, NULL),
	('user368', '2023-08-17 14:42:54.769314', '2023-08-17 14:42:57.261928', 'EMPTY', 0, 'user368@naver.com', 0, 'Beginner', b'0', 'user368', 'user368user368', NULL, NULL, 'USER', NULL, NULL),
	('user369', '2023-08-17 14:42:54.786352', '2023-08-17 14:42:57.261928', 'EMPTY', 0, 'user369@naver.com', 0, 'Beginner', b'0', 'user369', 'user369user369', NULL, NULL, 'USER', NULL, NULL),
	('user37', '2023-08-17 14:42:48.474943', '2023-08-17 14:42:57.256918', 'EMPTY', 0, 'user37@naver.com', 0, 'Beginner', b'0', 'user37', 'user37user37', NULL, NULL, 'USER', NULL, NULL),
	('user370', '2023-08-17 14:42:54.805752', '2023-08-17 14:42:57.261928', 'EMPTY', 0, 'user370@naver.com', 0, 'Beginner', b'0', 'user370', 'user370user370', NULL, NULL, 'USER', NULL, NULL),
	('user371', '2023-08-17 14:42:54.825312', '2023-08-17 14:42:57.261928', 'EMPTY', 0, 'user371@naver.com', 0, 'Beginner', b'0', 'user371', 'user371user371', NULL, NULL, 'USER', NULL, NULL),
	('user372', '2023-08-17 14:42:54.842240', '2023-08-17 14:42:57.261928', 'EMPTY', 0, 'user372@naver.com', 0, 'Beginner', b'0', 'user372', 'user372user372', NULL, NULL, 'USER', NULL, NULL),
	('user373', '2023-08-17 14:42:54.860141', '2023-08-17 14:42:57.261928', 'EMPTY', 0, 'user373@naver.com', 0, 'Beginner', b'0', 'user373', 'user373user373', NULL, NULL, 'USER', NULL, NULL),
	('user374', '2023-08-17 14:42:54.881687', '2023-08-17 14:42:57.261928', 'EMPTY', 0, 'user374@naver.com', 0, 'Beginner', b'0', 'user374', 'user374user374', NULL, NULL, 'USER', NULL, NULL),
	('user375', '2023-08-17 14:42:54.900596', '2023-08-17 14:42:57.261928', 'EMPTY', 0, 'user375@naver.com', 0, 'Beginner', b'0', 'user375', 'user375user375', NULL, NULL, 'USER', NULL, NULL),
	('user376', '2023-08-17 14:42:54.917732', '2023-08-17 14:42:57.261928', 'EMPTY', 0, 'user376@naver.com', 0, 'Beginner', b'0', 'user376', 'user376user376', NULL, NULL, 'USER', NULL, NULL),
	('user377', '2023-08-17 14:42:54.935366', '2023-08-17 14:42:57.261928', 'EMPTY', 0, 'user377@naver.com', 0, 'Beginner', b'0', 'user377', 'user377user377', NULL, NULL, 'USER', NULL, NULL),
	('user378', '2023-08-17 14:42:54.957062', '2023-08-17 14:42:57.261928', 'EMPTY', 0, 'user378@naver.com', 0, 'Beginner', b'0', 'user378', 'user378user378', NULL, NULL, 'USER', NULL, NULL),
	('user379', '2023-08-17 14:42:54.974025', '2023-08-17 14:42:57.261928', 'EMPTY', 0, 'user379@naver.com', 0, 'Beginner', b'0', 'user379', 'user379user379', NULL, NULL, 'USER', NULL, NULL),
	('user38', '2023-08-17 14:42:48.491019', '2023-08-17 14:42:57.256918', 'EMPTY', 0, 'user38@naver.com', 0, 'Beginner', b'0', 'user38', 'user38user38', NULL, NULL, 'USER', NULL, NULL),
	('user380', '2023-08-17 14:42:54.992080', '2023-08-17 14:42:57.261928', 'EMPTY', 0, 'user380@naver.com', 0, 'Beginner', b'0', 'user380', 'user380user380', NULL, NULL, 'USER', NULL, NULL),
	('user381', '2023-08-17 14:42:55.011593', '2023-08-17 14:42:57.261928', 'EMPTY', 0, 'user381@naver.com', 0, 'Beginner', b'0', 'user381', 'user381user381', NULL, NULL, 'USER', NULL, NULL),
	('user382', '2023-08-17 14:42:55.030090', '2023-08-17 14:42:57.261928', 'EMPTY', 0, 'user382@naver.com', 0, 'Beginner', b'0', 'user382', 'user382user382', NULL, NULL, 'USER', NULL, NULL),
	('user383', '2023-08-17 14:42:55.049138', '2023-08-17 14:42:57.261928', 'EMPTY', 0, 'user383@naver.com', 0, 'Beginner', b'0', 'user383', 'user383user383', NULL, NULL, 'USER', NULL, NULL),
	('user384', '2023-08-17 14:42:55.069138', '2023-08-17 14:42:57.261928', 'EMPTY', 0, 'user384@naver.com', 0, 'Beginner', b'0', 'user384', 'user384user384', NULL, NULL, 'USER', NULL, NULL),
	('user385', '2023-08-17 14:42:55.087140', '2023-08-17 14:42:57.261928', 'EMPTY', 0, 'user385@naver.com', 0, 'Beginner', b'0', 'user385', 'user385user385', NULL, NULL, 'USER', NULL, NULL),
	('user386', '2023-08-17 14:42:55.106662', '2023-08-17 14:42:57.261928', 'EMPTY', 0, 'user386@naver.com', 0, 'Beginner', b'0', 'user386', 'user386user386', NULL, NULL, 'USER', NULL, NULL),
	('user387', '2023-08-17 14:42:55.123548', '2023-08-17 14:42:57.261928', 'EMPTY', 0, 'user387@naver.com', 0, 'Beginner', b'0', 'user387', 'user387user387', NULL, NULL, 'USER', NULL, NULL),
	('user388', '2023-08-17 14:42:55.143213', '2023-08-17 14:42:57.261928', 'EMPTY', 0, 'user388@naver.com', 0, 'Beginner', b'0', 'user388', 'user388user388', NULL, NULL, 'USER', NULL, NULL),
	('user389', '2023-08-17 14:42:55.162447', '2023-08-17 14:42:57.261928', 'EMPTY', 0, 'user389@naver.com', 0, 'Beginner', b'0', 'user389', 'user389user389', NULL, NULL, 'USER', NULL, NULL),
	('user39', '2023-08-17 14:42:48.507655', '2023-08-17 14:42:57.256918', 'EMPTY', 0, 'user39@naver.com', 0, 'Beginner', b'0', 'user39', 'user39user39', NULL, NULL, 'USER', NULL, NULL),
	('user390', '2023-08-17 14:42:55.179702', '2023-08-17 14:42:57.261928', 'EMPTY', 0, 'user390@naver.com', 0, 'Beginner', b'0', 'user390', 'user390user390', NULL, NULL, 'USER', NULL, NULL),
	('user391', '2023-08-17 14:42:55.197285', '2023-08-17 14:42:57.261928', 'EMPTY', 0, 'user391@naver.com', 0, 'Beginner', b'0', 'user391', 'user391user391', NULL, NULL, 'USER', NULL, NULL),
	('user392', '2023-08-17 14:42:55.216641', '2023-08-17 14:42:57.261928', 'EMPTY', 0, 'user392@naver.com', 0, 'Beginner', b'0', 'user392', 'user392user392', NULL, NULL, 'USER', NULL, NULL),
	('user393', '2023-08-17 14:42:55.236272', '2023-08-17 14:42:57.261928', 'EMPTY', 0, 'user393@naver.com', 0, 'Beginner', b'0', 'user393', 'user393user393', NULL, NULL, 'USER', NULL, NULL),
	('user394', '2023-08-17 14:42:55.253746', '2023-08-17 14:42:57.261928', 'EMPTY', 0, 'user394@naver.com', 0, 'Beginner', b'0', 'user394', 'user394user394', NULL, NULL, 'USER', NULL, NULL),
	('user395', '2023-08-17 14:42:55.271133', '2023-08-17 14:42:57.262920', 'EMPTY', 0, 'user395@naver.com', 0, 'Beginner', b'0', 'user395', 'user395user395', NULL, NULL, 'USER', NULL, NULL),
	('user396', '2023-08-17 14:42:55.290050', '2023-08-17 14:42:57.262920', 'EMPTY', 0, 'user396@naver.com', 0, 'Beginner', b'0', 'user396', 'user396user396', NULL, NULL, 'USER', NULL, NULL),
	('user397', '2023-08-17 14:42:55.309127', '2023-08-17 14:42:57.262920', 'EMPTY', 0, 'user397@naver.com', 0, 'Beginner', b'0', 'user397', 'user397user397', NULL, NULL, 'USER', NULL, NULL),
	('user398', '2023-08-17 14:42:55.326227', '2023-08-17 14:42:57.262920', 'EMPTY', 0, 'user398@naver.com', 0, 'Beginner', b'0', 'user398', 'user398user398', NULL, NULL, 'USER', NULL, NULL),
	('user399', '2023-08-17 14:42:55.345281', '2023-08-17 14:42:57.262920', 'EMPTY', 0, 'user399@naver.com', 0, 'Beginner', b'0', 'user399', 'user399user399', NULL, NULL, 'USER', NULL, NULL),
	('user4', '2023-08-17 14:42:47.899627', '2023-08-17 14:42:57.256918', 'EMPTY', 0, 'user4@naver.com', 0, 'Beginner', b'0', 'user4', 'user4user4', NULL, NULL, 'USER', NULL, NULL),
	('user40', '2023-08-17 14:42:48.525681', '2023-08-17 14:42:57.256918', 'EMPTY', 0, 'user40@naver.com', 0, 'Beginner', b'0', 'user40', 'user40user40', NULL, NULL, 'USER', NULL, NULL),
	('user400', '2023-08-17 14:42:55.363789', '2023-08-17 14:42:57.262920', 'EMPTY', 0, 'user400@naver.com', 0, 'Beginner', b'0', 'user400', 'user400user400', NULL, NULL, 'USER', NULL, NULL),
	('user401', '2023-08-17 14:42:55.380339', '2023-08-17 14:42:57.262920', 'EMPTY', 0, 'user401@naver.com', 0, 'Beginner', b'0', 'user401', 'user401user401', NULL, NULL, 'USER', NULL, NULL),
	('user402', '2023-08-17 14:42:55.397636', '2023-08-17 14:42:57.262920', 'EMPTY', 0, 'user402@naver.com', 0, 'Beginner', b'0', 'user402', 'user402user402', NULL, NULL, 'USER', NULL, NULL),
	('user403', '2023-08-17 14:42:55.415839', '2023-08-17 14:42:57.262920', 'EMPTY', 0, 'user403@naver.com', 0, 'Beginner', b'0', 'user403', 'user403user403', NULL, NULL, 'USER', NULL, NULL),
	('user404', '2023-08-17 14:42:55.433829', '2023-08-17 14:42:57.262920', 'EMPTY', 0, 'user404@naver.com', 0, 'Beginner', b'0', 'user404', 'user404user404', NULL, NULL, 'USER', NULL, NULL),
	('user405', '2023-08-17 14:42:55.451758', '2023-08-17 14:42:57.262920', 'EMPTY', 0, 'user405@naver.com', 0, 'Beginner', b'0', 'user405', 'user405user405', NULL, NULL, 'USER', NULL, NULL),
	('user406', '2023-08-17 14:42:55.469332', '2023-08-17 14:42:57.262920', 'EMPTY', 0, 'user406@naver.com', 0, 'Beginner', b'0', 'user406', 'user406user406', NULL, NULL, 'USER', NULL, NULL),
	('user407', '2023-08-17 14:42:55.488129', '2023-08-17 14:42:57.262920', 'EMPTY', 0, 'user407@naver.com', 0, 'Beginner', b'0', 'user407', 'user407user407', NULL, NULL, 'USER', NULL, NULL),
	('user408', '2023-08-17 14:42:55.507078', '2023-08-17 14:42:57.262920', 'EMPTY', 0, 'user408@naver.com', 0, 'Beginner', b'0', 'user408', 'user408user408', NULL, NULL, 'USER', NULL, NULL),
	('user409', '2023-08-17 14:42:55.526827', '2023-08-17 14:42:57.262920', 'EMPTY', 0, 'user409@naver.com', 0, 'Beginner', b'0', 'user409', 'user409user409', NULL, NULL, 'USER', NULL, NULL),
	('user41', '2023-08-17 14:42:48.542679', '2023-08-17 14:42:57.256918', 'EMPTY', 0, 'user41@naver.com', 0, 'Beginner', b'0', 'user41', 'user41user41', NULL, NULL, 'USER', NULL, NULL),
	('user410', '2023-08-17 14:42:55.544552', '2023-08-17 14:42:57.262920', 'EMPTY', 0, 'user410@naver.com', 0, 'Beginner', b'0', 'user410', 'user410user410', NULL, NULL, 'USER', NULL, NULL),
	('user411', '2023-08-17 14:42:55.561679', '2023-08-17 14:42:57.262920', 'EMPTY', 0, 'user411@naver.com', 0, 'Beginner', b'0', 'user411', 'user411user411', NULL, NULL, 'USER', NULL, NULL),
	('user412', '2023-08-17 14:42:55.582421', '2023-08-17 14:42:57.262920', 'EMPTY', 0, 'user412@naver.com', 0, 'Beginner', b'0', 'user412', 'user412user412', NULL, NULL, 'USER', NULL, NULL),
	('user413', '2023-08-17 14:42:55.603538', '2023-08-17 14:42:57.262920', 'EMPTY', 0, 'user413@naver.com', 0, 'Beginner', b'0', 'user413', 'user413user413', NULL, NULL, 'USER', NULL, NULL),
	('user414', '2023-08-17 14:42:55.622073', '2023-08-17 14:42:57.262920', 'EMPTY', 0, 'user414@naver.com', 0, 'Beginner', b'0', 'user414', 'user414user414', NULL, NULL, 'USER', NULL, NULL),
	('user415', '2023-08-17 14:42:55.639909', '2023-08-17 14:42:57.262920', 'EMPTY', 0, 'user415@naver.com', 0, 'Beginner', b'0', 'user415', 'user415user415', NULL, NULL, 'USER', NULL, NULL),
	('user416', '2023-08-17 14:42:55.660630', '2023-08-17 14:42:57.262920', 'EMPTY', 0, 'user416@naver.com', 0, 'Beginner', b'0', 'user416', 'user416user416', NULL, NULL, 'USER', NULL, NULL),
	('user417', '2023-08-17 14:42:55.679130', '2023-08-17 14:42:57.262920', 'EMPTY', 0, 'user417@naver.com', 0, 'Beginner', b'0', 'user417', 'user417user417', NULL, NULL, 'USER', NULL, NULL),
	('user418', '2023-08-17 14:42:55.698910', '2023-08-17 14:42:57.262920', 'EMPTY', 0, 'user418@naver.com', 0, 'Beginner', b'0', 'user418', 'user418user418', NULL, NULL, 'USER', NULL, NULL),
	('user419', '2023-08-17 14:42:55.718713', '2023-08-17 14:42:57.262920', 'EMPTY', 0, 'user419@naver.com', 0, 'Beginner', b'0', 'user419', 'user419user419', NULL, NULL, 'USER', NULL, NULL),
	('user42', '2023-08-17 14:42:48.559719', '2023-08-17 14:42:57.256918', 'EMPTY', 0, 'user42@naver.com', 0, 'Beginner', b'0', 'user42', 'user42user42', NULL, NULL, 'USER', NULL, NULL),
	('user420', '2023-08-17 14:42:55.741080', '2023-08-17 14:42:57.262920', 'EMPTY', 0, 'user420@naver.com', 0, 'Beginner', b'0', 'user420', 'user420user420', NULL, NULL, 'USER', NULL, NULL),
	('user421', '2023-08-17 14:42:55.758102', '2023-08-17 14:42:57.262920', 'EMPTY', 0, 'user421@naver.com', 0, 'Beginner', b'0', 'user421', 'user421user421', NULL, NULL, 'USER', NULL, NULL),
	('user422', '2023-08-17 14:42:55.777484', '2023-08-17 14:42:57.262920', 'EMPTY', 0, 'user422@naver.com', 0, 'Beginner', b'0', 'user422', 'user422user422', NULL, NULL, 'USER', NULL, NULL),
	('user423', '2023-08-17 14:42:55.794766', '2023-08-17 14:42:57.262920', 'EMPTY', 0, 'user423@naver.com', 0, 'Beginner', b'0', 'user423', 'user423user423', NULL, NULL, 'USER', NULL, NULL),
	('user424', '2023-08-17 14:42:55.814061', '2023-08-17 14:42:57.262920', 'EMPTY', 0, 'user424@naver.com', 0, 'Beginner', b'0', 'user424', 'user424user424', NULL, NULL, 'USER', NULL, NULL),
	('user425', '2023-08-17 14:42:55.835473', '2023-08-17 14:42:57.262920', 'EMPTY', 0, 'user425@naver.com', 0, 'Beginner', b'0', 'user425', 'user425user425', NULL, NULL, 'USER', NULL, NULL),
	('user426', '2023-08-17 14:42:55.854118', '2023-08-17 14:42:57.262920', 'EMPTY', 0, 'user426@naver.com', 0, 'Beginner', b'0', 'user426', 'user426user426', NULL, NULL, 'USER', NULL, NULL),
	('user427', '2023-08-17 14:42:55.872971', '2023-08-17 14:42:57.262920', 'EMPTY', 0, 'user427@naver.com', 0, 'Beginner', b'0', 'user427', 'user427user427', NULL, NULL, 'USER', NULL, NULL),
	('user428', '2023-08-17 14:42:55.894055', '2023-08-17 14:42:57.262920', 'EMPTY', 0, 'user428@naver.com', 0, 'Beginner', b'0', 'user428', 'user428user428', NULL, NULL, 'USER', NULL, NULL),
	('user429', '2023-08-17 14:42:55.911761', '2023-08-17 14:42:57.262920', 'EMPTY', 0, 'user429@naver.com', 0, 'Beginner', b'0', 'user429', 'user429user429', NULL, NULL, 'USER', NULL, NULL),
	('user43', '2023-08-17 14:42:48.576599', '2023-08-17 14:42:57.256918', 'EMPTY', 0, 'user43@naver.com', 0, 'Beginner', b'0', 'user43', 'user43user43', NULL, NULL, 'USER', NULL, NULL),
	('user430', '2023-08-17 14:42:55.929601', '2023-08-17 14:42:57.262920', 'EMPTY', 0, 'user430@naver.com', 0, 'Beginner', b'0', 'user430', 'user430user430', NULL, NULL, 'USER', NULL, NULL),
	('user431', '2023-08-17 14:42:55.946790', '2023-08-17 14:42:57.262920', 'EMPTY', 0, 'user431@naver.com', 0, 'Beginner', b'0', 'user431', 'user431user431', NULL, NULL, 'USER', NULL, NULL),
	('user432', '2023-08-17 14:42:55.965894', '2023-08-17 14:42:57.262920', 'EMPTY', 0, 'user432@naver.com', 0, 'Beginner', b'0', 'user432', 'user432user432', NULL, NULL, 'USER', NULL, NULL),
	('user433', '2023-08-17 14:42:55.986074', '2023-08-17 14:42:57.262920', 'EMPTY', 0, 'user433@naver.com', 0, 'Beginner', b'0', 'user433', 'user433user433', NULL, NULL, 'USER', NULL, NULL),
	('user434', '2023-08-17 14:42:56.007657', '2023-08-17 14:42:57.262920', 'EMPTY', 0, 'user434@naver.com', 0, 'Beginner', b'0', 'user434', 'user434user434', NULL, NULL, 'USER', NULL, NULL),
	('user435', '2023-08-17 14:42:56.025127', '2023-08-17 14:42:57.262920', 'EMPTY', 0, 'user435@naver.com', 0, 'Beginner', b'0', 'user435', 'user435user435', NULL, NULL, 'USER', NULL, NULL),
	('user436', '2023-08-17 14:42:56.041875', '2023-08-17 14:42:57.262920', 'EMPTY', 0, 'user436@naver.com', 0, 'Beginner', b'0', 'user436', 'user436user436', NULL, NULL, 'USER', NULL, NULL),
	('user437', '2023-08-17 14:42:56.060463', '2023-08-17 14:42:57.262920', 'EMPTY', 0, 'user437@naver.com', 0, 'Beginner', b'0', 'user437', 'user437user437', NULL, NULL, 'USER', NULL, NULL),
	('user438', '2023-08-17 14:42:56.077983', '2023-08-17 14:42:57.262920', 'EMPTY', 0, 'user438@naver.com', 0, 'Beginner', b'0', 'user438', 'user438user438', NULL, NULL, 'USER', NULL, NULL),
	('user439', '2023-08-17 14:42:56.097193', '2023-08-17 14:42:57.262920', 'EMPTY', 0, 'user439@naver.com', 0, 'Beginner', b'0', 'user439', 'user439user439', NULL, NULL, 'USER', NULL, NULL),
	('user44', '2023-08-17 14:42:48.597521', '2023-08-17 14:42:57.256918', 'EMPTY', 0, 'user44@naver.com', 0, 'Beginner', b'0', 'user44', 'user44user44', NULL, NULL, 'USER', NULL, NULL),
	('user440', '2023-08-17 14:42:56.115525', '2023-08-17 14:42:57.262920', 'EMPTY', 0, 'user440@naver.com', 0, 'Beginner', b'0', 'user440', 'user440user440', NULL, NULL, 'USER', NULL, NULL),
	('user441', '2023-08-17 14:42:56.133948', '2023-08-17 14:42:57.262920', 'EMPTY', 0, 'user441@naver.com', 0, 'Beginner', b'0', 'user441', 'user441user441', NULL, NULL, 'USER', NULL, NULL),
	('user442', '2023-08-17 14:42:56.151464', '2023-08-17 14:42:57.262920', 'EMPTY', 0, 'user442@naver.com', 0, 'Beginner', b'0', 'user442', 'user442user442', NULL, NULL, 'USER', NULL, NULL),
	('user443', '2023-08-17 14:42:56.169971', '2023-08-17 14:42:57.262920', 'EMPTY', 0, 'user443@naver.com', 0, 'Beginner', b'0', 'user443', 'user443user443', NULL, NULL, 'USER', NULL, NULL),
	('user444', '2023-08-17 14:42:56.189447', '2023-08-17 14:42:57.262920', 'EMPTY', 0, 'user444@naver.com', 0, 'Beginner', b'0', 'user444', 'user444user444', NULL, NULL, 'USER', NULL, NULL),
	('user445', '2023-08-17 14:42:56.205368', '2023-08-17 14:42:57.262920', 'EMPTY', 0, 'user445@naver.com', 0, 'Beginner', b'0', 'user445', 'user445user445', NULL, NULL, 'USER', NULL, NULL),
	('user446', '2023-08-17 14:42:56.224077', '2023-08-17 14:42:57.262920', 'EMPTY', 0, 'user446@naver.com', 0, 'Beginner', b'0', 'user446', 'user446user446', NULL, NULL, 'USER', NULL, NULL),
	('user447', '2023-08-17 14:42:56.243548', '2023-08-17 14:42:57.262920', 'EMPTY', 0, 'user447@naver.com', 0, 'Beginner', b'0', 'user447', 'user447user447', NULL, NULL, 'USER', NULL, NULL),
	('user448', '2023-08-17 14:42:56.261931', '2023-08-17 14:42:57.262920', 'EMPTY', 0, 'user448@naver.com', 0, 'Beginner', b'0', 'user448', 'user448user448', NULL, NULL, 'USER', NULL, NULL),
	('user449', '2023-08-17 14:42:56.280112', '2023-08-17 14:42:57.262920', 'EMPTY', 0, 'user449@naver.com', 0, 'Beginner', b'0', 'user449', 'user449user449', NULL, NULL, 'USER', NULL, NULL),
	('user45', '2023-08-17 14:42:48.614360', '2023-08-17 14:42:57.256918', 'EMPTY', 0, 'user45@naver.com', 0, 'Beginner', b'0', 'user45', 'user45user45', NULL, NULL, 'USER', NULL, NULL),
	('user450', '2023-08-17 14:42:56.298050', '2023-08-17 14:42:57.262920', 'EMPTY', 0, 'user450@naver.com', 0, 'Beginner', b'0', 'user450', 'user450user450', NULL, NULL, 'USER', NULL, NULL),
	('user451', '2023-08-17 14:42:56.316098', '2023-08-17 14:42:57.262920', 'EMPTY', 0, 'user451@naver.com', 0, 'Beginner', b'0', 'user451', 'user451user451', NULL, NULL, 'USER', NULL, NULL),
	('user452', '2023-08-17 14:42:56.335077', '2023-08-17 14:42:57.262920', 'EMPTY', 0, 'user452@naver.com', 0, 'Beginner', b'0', 'user452', 'user452user452', NULL, NULL, 'USER', NULL, NULL),
	('user453', '2023-08-17 14:42:56.353109', '2023-08-17 14:42:57.262920', 'EMPTY', 0, 'user453@naver.com', 0, 'Beginner', b'0', 'user453', 'user453user453', NULL, NULL, 'USER', NULL, NULL),
	('user454', '2023-08-17 14:42:56.372079', '2023-08-17 14:42:57.262920', 'EMPTY', 0, 'user454@naver.com', 0, 'Beginner', b'0', 'user454', 'user454user454', NULL, NULL, 'USER', NULL, NULL),
	('user455', '2023-08-17 14:42:56.393785', '2023-08-17 14:42:57.262920', 'EMPTY', 0, 'user455@naver.com', 0, 'Beginner', b'0', 'user455', 'user455user455', NULL, NULL, 'USER', NULL, NULL),
	('user456', '2023-08-17 14:42:56.411067', '2023-08-17 14:42:57.262920', 'EMPTY', 0, 'user456@naver.com', 0, 'Beginner', b'0', 'user456', 'user456user456', NULL, NULL, 'USER', NULL, NULL),
	('user457', '2023-08-17 14:42:56.430531', '2023-08-17 14:42:57.262920', 'EMPTY', 0, 'user457@naver.com', 0, 'Beginner', b'0', 'user457', 'user457user457', NULL, NULL, 'USER', NULL, NULL),
	('user458', '2023-08-17 14:42:56.448162', '2023-08-17 14:42:57.262920', 'EMPTY', 0, 'user458@naver.com', 0, 'Beginner', b'0', 'user458', 'user458user458', NULL, NULL, 'USER', NULL, NULL),
	('user459', '2023-08-17 14:42:56.465238', '2023-08-17 14:42:57.262920', 'EMPTY', 0, 'user459@naver.com', 0, 'Beginner', b'0', 'user459', 'user459user459', NULL, NULL, 'USER', NULL, NULL),
	('user46', '2023-08-17 14:42:48.630860', '2023-08-17 14:42:57.256918', 'EMPTY', 0, 'user46@naver.com', 0, 'Beginner', b'0', 'user46', 'user46user46', NULL, NULL, 'USER', NULL, NULL),
	('user460', '2023-08-17 14:42:56.482406', '2023-08-17 14:42:57.262920', 'EMPTY', 0, 'user460@naver.com', 0, 'Beginner', b'0', 'user460', 'user460user460', NULL, NULL, 'USER', NULL, NULL),
	('user461', '2023-08-17 14:42:56.498062', '2023-08-17 14:42:57.262920', 'EMPTY', 0, 'user461@naver.com', 0, 'Beginner', b'0', 'user461', 'user461user461', NULL, NULL, 'USER', NULL, NULL),
	('user462', '2023-08-17 14:42:56.516264', '2023-08-17 14:42:57.262920', 'EMPTY', 0, 'user462@naver.com', 0, 'Beginner', b'0', 'user462', 'user462user462', NULL, NULL, 'USER', NULL, NULL),
	('user463', '2023-08-17 14:42:56.533595', '2023-08-17 14:42:57.262920', 'EMPTY', 0, 'user463@naver.com', 0, 'Beginner', b'0', 'user463', 'user463user463', NULL, NULL, 'USER', NULL, NULL),
	('user464', '2023-08-17 14:42:56.553122', '2023-08-17 14:42:57.262920', 'EMPTY', 0, 'user464@naver.com', 0, 'Beginner', b'0', 'user464', 'user464user464', NULL, NULL, 'USER', NULL, NULL),
	('user465', '2023-08-17 14:42:56.569353', '2023-08-17 14:42:57.262920', 'EMPTY', 0, 'user465@naver.com', 0, 'Beginner', b'0', 'user465', 'user465user465', NULL, NULL, 'USER', NULL, NULL),
	('user466', '2023-08-17 14:42:56.586297', '2023-08-17 14:42:57.262920', 'EMPTY', 0, 'user466@naver.com', 0, 'Beginner', b'0', 'user466', 'user466user466', NULL, NULL, 'USER', NULL, NULL),
	('user467', '2023-08-17 14:42:56.603832', '2023-08-17 14:42:57.263919', 'EMPTY', 0, 'user467@naver.com', 0, 'Beginner', b'0', 'user467', 'user467user467', NULL, NULL, 'USER', NULL, NULL),
	('user468', '2023-08-17 14:42:56.620362', '2023-08-17 14:42:57.263919', 'EMPTY', 0, 'user468@naver.com', 0, 'Beginner', b'0', 'user468', 'user468user468', NULL, NULL, 'USER', NULL, NULL),
	('user469', '2023-08-17 14:42:56.637375', '2023-08-17 14:42:57.263919', 'EMPTY', 0, 'user469@naver.com', 0, 'Beginner', b'0', 'user469', 'user469user469', NULL, NULL, 'USER', NULL, NULL),
	('user47', '2023-08-17 14:42:48.648634', '2023-08-17 14:42:57.256918', 'EMPTY', 0, 'user47@naver.com', 0, 'Beginner', b'0', 'user47', 'user47user47', NULL, NULL, 'USER', NULL, NULL),
	('user470', '2023-08-17 14:42:56.655442', '2023-08-17 14:42:57.263919', 'EMPTY', 0, 'user470@naver.com', 0, 'Beginner', b'0', 'user470', 'user470user470', NULL, NULL, 'USER', NULL, NULL),
	('user471', '2023-08-17 14:42:56.672552', '2023-08-17 14:42:57.263919', 'EMPTY', 0, 'user471@naver.com', 0, 'Beginner', b'0', 'user471', 'user471user471', NULL, NULL, 'USER', NULL, NULL),
	('user472', '2023-08-17 14:42:56.691566', '2023-08-17 14:42:57.263919', 'EMPTY', 0, 'user472@naver.com', 0, 'Beginner', b'0', 'user472', 'user472user472', NULL, NULL, 'USER', NULL, NULL),
	('user473', '2023-08-17 14:42:56.709825', '2023-08-17 14:42:57.263919', 'EMPTY', 0, 'user473@naver.com', 0, 'Beginner', b'0', 'user473', 'user473user473', NULL, NULL, 'USER', NULL, NULL),
	('user474', '2023-08-17 14:42:56.730870', '2023-08-17 14:42:57.263919', 'EMPTY', 0, 'user474@naver.com', 0, 'Beginner', b'0', 'user474', 'user474user474', NULL, NULL, 'USER', NULL, NULL),
	('user475', '2023-08-17 14:42:56.748180', '2023-08-17 14:42:57.263919', 'EMPTY', 0, 'user475@naver.com', 0, 'Beginner', b'0', 'user475', 'user475user475', NULL, NULL, 'USER', NULL, NULL),
	('user476', '2023-08-17 14:42:56.764461', '2023-08-17 14:42:57.263919', 'EMPTY', 0, 'user476@naver.com', 0, 'Beginner', b'0', 'user476', 'user476user476', NULL, NULL, 'USER', NULL, NULL),
	('user477', '2023-08-17 14:42:56.781802', '2023-08-17 14:42:57.263919', 'EMPTY', 0, 'user477@naver.com', 0, 'Beginner', b'0', 'user477', 'user477user477', NULL, NULL, 'USER', NULL, NULL),
	('user478', '2023-08-17 14:42:56.803743', '2023-08-17 14:42:57.263919', 'EMPTY', 0, 'user478@naver.com', 0, 'Beginner', b'0', 'user478', 'user478user478', NULL, NULL, 'USER', NULL, NULL),
	('user479', '2023-08-17 14:42:56.825100', '2023-08-17 14:42:57.263919', 'EMPTY', 0, 'user479@naver.com', 0, 'Beginner', b'0', 'user479', 'user479user479', NULL, NULL, 'USER', NULL, NULL),
	('user48', '2023-08-17 14:42:48.665746', '2023-08-17 14:42:57.256918', 'EMPTY', 0, 'user48@naver.com', 0, 'Beginner', b'0', 'user48', 'user48user48', NULL, NULL, 'USER', NULL, NULL),
	('user480', '2023-08-17 14:42:56.848226', '2023-08-17 14:42:57.263919', 'EMPTY', 0, 'user480@naver.com', 0, 'Beginner', b'0', 'user480', 'user480user480', NULL, NULL, 'USER', NULL, NULL),
	('user481', '2023-08-17 14:42:56.870305', '2023-08-17 14:42:57.263919', 'EMPTY', 0, 'user481@naver.com', 0, 'Beginner', b'0', 'user481', 'user481user481', NULL, NULL, 'USER', NULL, NULL),
	('user482', '2023-08-17 14:42:56.888708', '2023-08-17 14:42:57.263919', 'EMPTY', 0, 'user482@naver.com', 0, 'Beginner', b'0', 'user482', 'user482user482', NULL, NULL, 'USER', NULL, NULL),
	('user483', '2023-08-17 14:42:56.917070', '2023-08-17 14:42:57.263919', 'EMPTY', 0, 'user483@naver.com', 0, 'Beginner', b'0', 'user483', 'user483user483', NULL, NULL, 'USER', NULL, NULL),
	('user484', '2023-08-17 14:42:56.939628', '2023-08-17 14:42:57.263919', 'EMPTY', 0, 'user484@naver.com', 0, 'Beginner', b'0', 'user484', 'user484user484', NULL, NULL, 'USER', NULL, NULL),
	('user485', '2023-08-17 14:42:56.956442', '2023-08-17 14:42:57.263919', 'EMPTY', 0, 'user485@naver.com', 0, 'Beginner', b'0', 'user485', 'user485user485', NULL, NULL, 'USER', NULL, NULL),
	('user486', '2023-08-17 14:42:56.978400', '2023-08-17 14:42:57.263919', 'EMPTY', 0, 'user486@naver.com', 0, 'Beginner', b'0', 'user486', 'user486user486', NULL, NULL, 'USER', NULL, NULL),
	('user487', '2023-08-17 14:42:56.995763', '2023-08-17 14:42:57.263919', 'EMPTY', 0, 'user487@naver.com', 0, 'Beginner', b'0', 'user487', 'user487user487', NULL, NULL, 'USER', NULL, NULL),
	('user488', '2023-08-17 14:42:57.025077', '2023-08-17 14:42:57.263919', 'EMPTY', 0, 'user488@naver.com', 0, 'Beginner', b'0', 'user488', 'user488user488', NULL, NULL, 'USER', NULL, NULL),
	('user489', '2023-08-17 14:42:57.048119', '2023-08-17 14:42:57.263919', 'EMPTY', 0, 'user489@naver.com', 0, 'Beginner', b'0', 'user489', 'user489user489', NULL, NULL, 'USER', NULL, NULL),
	('user49', '2023-08-17 14:42:48.684151', '2023-08-17 14:42:57.256918', 'EMPTY', 0, 'user49@naver.com', 0, 'Beginner', b'0', 'user49', 'user49user49', NULL, NULL, 'USER', NULL, NULL),
	('user490', '2023-08-17 14:42:57.070337', '2023-08-17 14:42:57.263919', 'EMPTY', 0, 'user490@naver.com', 0, 'Beginner', b'0', 'user490', 'user490user490', NULL, NULL, 'USER', NULL, NULL),
	('user491', '2023-08-17 14:42:57.087919', '2023-08-17 14:42:57.263919', 'EMPTY', 0, 'user491@naver.com', 0, 'Beginner', b'0', 'user491', 'user491user491', NULL, NULL, 'USER', NULL, NULL),
	('user492', '2023-08-17 14:42:57.105803', '2023-08-17 14:42:57.263919', 'EMPTY', 0, 'user492@naver.com', 0, 'Beginner', b'0', 'user492', 'user492user492', NULL, NULL, 'USER', NULL, NULL),
	('user493', '2023-08-17 14:42:57.125530', '2023-08-17 14:42:57.263919', 'EMPTY', 0, 'user493@naver.com', 0, 'Beginner', b'0', 'user493', 'user493user493', NULL, NULL, 'USER', NULL, NULL),
	('user494', '2023-08-17 14:42:57.149388', '2023-08-17 14:42:57.263919', 'EMPTY', 0, 'user494@naver.com', 0, 'Beginner', b'0', 'user494', 'user494user494', NULL, NULL, 'USER', NULL, NULL),
	('user495', '2023-08-17 14:42:57.171258', '2023-08-17 14:42:57.263919', 'EMPTY', 0, 'user495@naver.com', 0, 'Beginner', b'0', 'user495', 'user495user495', NULL, NULL, 'USER', NULL, NULL),
	('user496', '2023-08-17 14:42:57.195523', '2023-08-17 14:42:57.263919', 'EMPTY', 0, 'user496@naver.com', 0, 'Beginner', b'0', 'user496', 'user496user496', NULL, NULL, 'USER', NULL, NULL),
	('user497', '2023-08-17 14:42:57.215577', '2023-08-17 14:42:57.263919', 'EMPTY', 0, 'user497@naver.com', 0, 'Beginner', b'0', 'user497', 'user497user497', NULL, NULL, 'USER', NULL, NULL),
	('user498', '2023-08-17 14:42:57.234076', '2023-08-17 14:42:57.263919', 'EMPTY', 0, 'user498@naver.com', 0, 'Beginner', b'0', 'user498', 'user498user498', NULL, NULL, 'USER', NULL, NULL),
	('user499', '2023-08-17 14:42:57.254923', '2023-08-17 14:42:57.263919', 'EMPTY', 0, 'user499@naver.com', 0, 'Beginner', b'0', 'user499', 'user499user499', NULL, NULL, 'USER', NULL, NULL),
	('user5', '2023-08-17 14:42:47.916701', '2023-08-17 14:42:57.256918', 'EMPTY', 0, 'user5@naver.com', 0, 'Beginner', b'0', 'user5', 'user5user5', NULL, NULL, 'USER', NULL, NULL),
	('user50', '2023-08-17 14:42:48.701896', '2023-08-17 14:42:57.256918', 'EMPTY', 0, 'user50@naver.com', 0, 'Beginner', b'0', 'user50', 'user50user50', NULL, NULL, 'USER', NULL, NULL),
	('user51', '2023-08-17 14:42:48.718923', '2023-08-17 14:42:57.256918', 'EMPTY', 0, 'user51@naver.com', 0, 'Beginner', b'0', 'user51', 'user51user51', NULL, NULL, 'USER', NULL, NULL),
	('user52', '2023-08-17 14:42:48.736411', '2023-08-17 14:42:57.257917', 'EMPTY', 0, 'user52@naver.com', 0, 'Beginner', b'0', 'user52', 'user52user52', NULL, NULL, 'USER', NULL, NULL),
	('user53', '2023-08-17 14:42:48.754366', '2023-08-17 14:42:57.257917', 'EMPTY', 0, 'user53@naver.com', 0, 'Beginner', b'0', 'user53', 'user53user53', NULL, NULL, 'USER', NULL, NULL),
	('user54', '2023-08-17 14:42:48.771301', '2023-08-17 14:42:57.257917', 'EMPTY', 0, 'user54@naver.com', 0, 'Beginner', b'0', 'user54', 'user54user54', NULL, NULL, 'USER', NULL, NULL),
	('user55', '2023-08-17 14:42:48.787949', '2023-08-17 14:42:57.257917', 'EMPTY', 0, 'user55@naver.com', 0, 'Beginner', b'0', 'user55', 'user55user55', NULL, NULL, 'USER', NULL, NULL),
	('user56', '2023-08-17 14:42:48.807459', '2023-08-17 14:42:57.257917', 'EMPTY', 0, 'user56@naver.com', 0, 'Beginner', b'0', 'user56', 'user56user56', NULL, NULL, 'USER', NULL, NULL),
	('user57', '2023-08-17 14:42:48.824461', '2023-08-17 14:42:57.257917', 'EMPTY', 0, 'user57@naver.com', 0, 'Beginner', b'0', 'user57', 'user57user57', NULL, NULL, 'USER', NULL, NULL),
	('user58', '2023-08-17 14:42:48.842326', '2023-08-17 14:42:57.257917', 'EMPTY', 0, 'user58@naver.com', 0, 'Beginner', b'0', 'user58', 'user58user58', NULL, NULL, 'USER', NULL, NULL),
	('user59', '2023-08-17 14:42:48.858257', '2023-08-17 14:42:57.257917', 'EMPTY', 0, 'user59@naver.com', 0, 'Beginner', b'0', 'user59', 'user59user59', NULL, NULL, 'USER', NULL, NULL),
	('user6', '2023-08-17 14:42:47.934546', '2023-08-17 14:42:57.256918', 'EMPTY', 0, 'user6@naver.com', 0, 'Beginner', b'0', 'user6', 'user6user6', NULL, NULL, 'USER', NULL, NULL),
	('user60', '2023-08-17 14:42:48.875522', '2023-08-17 14:42:57.257917', 'EMPTY', 0, 'user60@naver.com', 0, 'Beginner', b'0', 'user60', 'user60user60', NULL, NULL, 'USER', NULL, NULL),
	('user61', '2023-08-17 14:42:48.892207', '2023-08-17 14:42:57.257917', 'EMPTY', 0, 'user61@naver.com', 0, 'Beginner', b'0', 'user61', 'user61user61', NULL, NULL, 'USER', NULL, NULL),
	('user62', '2023-08-17 14:42:48.922893', '2023-08-17 14:42:57.257917', 'EMPTY', 0, 'user62@naver.com', 0, 'Beginner', b'0', 'user62', 'user62user62', NULL, NULL, 'USER', NULL, NULL),
	('user63', '2023-08-17 14:42:48.940531', '2023-08-17 14:42:57.257917', 'EMPTY', 0, 'user63@naver.com', 0, 'Beginner', b'0', 'user63', 'user63user63', NULL, NULL, 'USER', NULL, NULL),
	('user64', '2023-08-17 14:42:48.957567', '2023-08-17 14:42:57.257917', 'EMPTY', 0, 'user64@naver.com', 0, 'Beginner', b'0', 'user64', 'user64user64', NULL, NULL, 'USER', NULL, NULL),
	('user65', '2023-08-17 14:42:48.978370', '2023-08-17 14:42:57.257917', 'EMPTY', 0, 'user65@naver.com', 0, 'Beginner', b'0', 'user65', 'user65user65', NULL, NULL, 'USER', NULL, NULL),
	('user66', '2023-08-17 14:42:48.998533', '2023-08-17 14:42:57.257917', 'EMPTY', 0, 'user66@naver.com', 0, 'Beginner', b'0', 'user66', 'user66user66', NULL, NULL, 'USER', NULL, NULL),
	('user67', '2023-08-17 14:42:49.018346', '2023-08-17 14:42:57.257917', 'EMPTY', 0, 'user67@naver.com', 0, 'Beginner', b'0', 'user67', 'user67user67', NULL, NULL, 'USER', NULL, NULL),
	('user68', '2023-08-17 14:42:49.038611', '2023-08-17 14:42:57.257917', 'EMPTY', 0, 'user68@naver.com', 0, 'Beginner', b'0', 'user68', 'user68user68', NULL, NULL, 'USER', NULL, NULL),
	('user69', '2023-08-17 14:42:49.055853', '2023-08-17 14:42:57.257917', 'EMPTY', 0, 'user69@naver.com', 0, 'Beginner', b'0', 'user69', 'user69user69', NULL, NULL, 'USER', NULL, NULL),
	('user7', '2023-08-17 14:42:47.950582', '2023-08-17 14:42:57.256918', 'EMPTY', 0, 'user7@naver.com', 0, 'Beginner', b'0', 'user7', 'user7user7', NULL, NULL, 'USER', NULL, NULL),
	('user70', '2023-08-17 14:42:49.076338', '2023-08-17 14:42:57.257917', 'EMPTY', 0, 'user70@naver.com', 0, 'Beginner', b'0', 'user70', 'user70user70', NULL, NULL, 'USER', NULL, NULL),
	('user71', '2023-08-17 14:42:49.096196', '2023-08-17 14:42:57.257917', 'EMPTY', 0, 'user71@naver.com', 0, 'Beginner', b'0', 'user71', 'user71user71', NULL, NULL, 'USER', NULL, NULL),
	('user72', '2023-08-17 14:42:49.115462', '2023-08-17 14:42:57.257917', 'EMPTY', 0, 'user72@naver.com', 0, 'Beginner', b'0', 'user72', 'user72user72', NULL, NULL, 'USER', NULL, NULL),
	('user73', '2023-08-17 14:42:49.132795', '2023-08-17 14:42:57.257917', 'EMPTY', 0, 'user73@naver.com', 0, 'Beginner', b'0', 'user73', 'user73user73', NULL, NULL, 'USER', NULL, NULL),
	('user74', '2023-08-17 14:42:49.151254', '2023-08-17 14:42:57.257917', 'EMPTY', 0, 'user74@naver.com', 0, 'Beginner', b'0', 'user74', 'user74user74', NULL, NULL, 'USER', NULL, NULL),
	('user75', '2023-08-17 14:42:49.171674', '2023-08-17 14:42:57.257917', 'EMPTY', 0, 'user75@naver.com', 0, 'Beginner', b'0', 'user75', 'user75user75', NULL, NULL, 'USER', NULL, NULL),
	('user76', '2023-08-17 14:42:49.189532', '2023-08-17 14:42:57.257917', 'EMPTY', 0, 'user76@naver.com', 0, 'Beginner', b'0', 'user76', 'user76user76', NULL, NULL, 'USER', NULL, NULL),
	('user77', '2023-08-17 14:42:49.209895', '2023-08-17 14:42:57.257917', 'EMPTY', 0, 'user77@naver.com', 0, 'Beginner', b'0', 'user77', 'user77user77', NULL, NULL, 'USER', NULL, NULL),
	('user78', '2023-08-17 14:42:49.227693', '2023-08-17 14:42:57.257917', 'EMPTY', 0, 'user78@naver.com', 0, 'Beginner', b'0', 'user78', 'user78user78', NULL, NULL, 'USER', NULL, NULL),
	('user79', '2023-08-17 14:42:49.246332', '2023-08-17 14:42:57.257917', 'EMPTY', 0, 'user79@naver.com', 0, 'Beginner', b'0', 'user79', 'user79user79', NULL, NULL, 'USER', NULL, NULL),
	('user8', '2023-08-17 14:42:47.967222', '2023-08-17 14:42:57.256918', 'EMPTY', 0, 'user8@naver.com', 0, 'Beginner', b'0', 'user8', 'user8user8', NULL, NULL, 'USER', NULL, NULL),
	('user80', '2023-08-17 14:42:49.263424', '2023-08-17 14:42:57.257917', 'EMPTY', 0, 'user80@naver.com', 0, 'Beginner', b'0', 'user80', 'user80user80', NULL, NULL, 'USER', NULL, NULL),
	('user81', '2023-08-17 14:42:49.283642', '2023-08-17 14:42:57.257917', 'EMPTY', 0, 'user81@naver.com', 0, 'Beginner', b'0', 'user81', 'user81user81', NULL, NULL, 'USER', NULL, NULL),
	('user82', '2023-08-17 14:42:49.301375', '2023-08-17 14:42:57.257917', 'EMPTY', 0, 'user82@naver.com', 0, 'Beginner', b'0', 'user82', 'user82user82', NULL, NULL, 'USER', NULL, NULL),
	('user83', '2023-08-17 14:42:49.320852', '2023-08-17 14:42:57.257917', 'EMPTY', 0, 'user83@naver.com', 0, 'Beginner', b'0', 'user83', 'user83user83', NULL, NULL, 'USER', NULL, NULL),
	('user84', '2023-08-17 14:42:49.340731', '2023-08-17 14:42:57.257917', 'EMPTY', 0, 'user84@naver.com', 0, 'Beginner', b'0', 'user84', 'user84user84', NULL, NULL, 'USER', NULL, NULL),
	('user85', '2023-08-17 14:42:49.358325', '2023-08-17 14:42:57.257917', 'EMPTY', 0, 'user85@naver.com', 0, 'Beginner', b'0', 'user85', 'user85user85', NULL, NULL, 'USER', NULL, NULL),
	('user86', '2023-08-17 14:42:49.380218', '2023-08-17 14:42:57.257917', 'EMPTY', 0, 'user86@naver.com', 0, 'Beginner', b'0', 'user86', 'user86user86', NULL, NULL, 'USER', NULL, NULL),
	('user87', '2023-08-17 14:42:49.398104', '2023-08-17 14:42:57.257917', 'EMPTY', 0, 'user87@naver.com', 0, 'Beginner', b'0', 'user87', 'user87user87', NULL, NULL, 'USER', NULL, NULL),
	('user88', '2023-08-17 14:42:49.418724', '2023-08-17 14:42:57.257917', 'EMPTY', 0, 'user88@naver.com', 0, 'Beginner', b'0', 'user88', 'user88user88', NULL, NULL, 'USER', NULL, NULL),
	('user89', '2023-08-17 14:42:49.438094', '2023-08-17 14:42:57.257917', 'EMPTY', 0, 'user89@naver.com', 0, 'Beginner', b'0', 'user89', 'user89user89', NULL, NULL, 'USER', NULL, NULL),
	('user9', '2023-08-17 14:42:47.983681', '2023-08-17 14:42:57.256918', 'EMPTY', 0, 'user9@naver.com', 0, 'Beginner', b'0', 'user9', 'user9user9', NULL, NULL, 'USER', NULL, NULL),
	('user90', '2023-08-17 14:42:49.457103', '2023-08-17 14:42:57.257917', 'EMPTY', 0, 'user90@naver.com', 0, 'Beginner', b'0', 'user90', 'user90user90', NULL, NULL, 'USER', NULL, NULL),
	('user91', '2023-08-17 14:42:49.475922', '2023-08-17 14:42:57.257917', 'EMPTY', 0, 'user91@naver.com', 0, 'Beginner', b'0', 'user91', 'user91user91', NULL, NULL, 'USER', NULL, NULL),
	('user92', '2023-08-17 14:42:49.494924', '2023-08-17 14:42:57.257917', 'EMPTY', 0, 'user92@naver.com', 0, 'Beginner', b'0', 'user92', 'user92user92', NULL, NULL, 'USER', NULL, NULL),
	('user93', '2023-08-17 14:42:49.516931', '2023-08-17 14:42:57.257917', 'EMPTY', 0, 'user93@naver.com', 0, 'Beginner', b'0', 'user93', 'user93user93', NULL, NULL, 'USER', NULL, NULL),
	('user94', '2023-08-17 14:42:49.537912', '2023-08-17 14:42:57.257917', 'EMPTY', 0, 'user94@naver.com', 0, 'Beginner', b'0', 'user94', 'user94user94', NULL, NULL, 'USER', NULL, NULL),
	('user95', '2023-08-17 14:42:49.555267', '2023-08-17 14:42:57.257917', 'EMPTY', 0, 'user95@naver.com', 0, 'Beginner', b'0', 'user95', 'user95user95', NULL, NULL, 'USER', NULL, NULL),
	('user96', '2023-08-17 14:42:49.581270', '2023-08-17 14:42:57.257917', 'EMPTY', 0, 'user96@naver.com', 0, 'Beginner', b'0', 'user96', 'user96user96', NULL, NULL, 'USER', NULL, NULL),
	('user97', '2023-08-17 14:42:49.599267', '2023-08-17 14:42:57.257917', 'EMPTY', 0, 'user97@naver.com', 0, 'Beginner', b'0', 'user97', 'user97user97', NULL, NULL, 'USER', NULL, NULL),
	('user98', '2023-08-17 14:42:49.619266', '2023-08-17 14:42:57.257917', 'EMPTY', 0, 'user98@naver.com', 0, 'Beginner', b'0', 'user98', 'user98user98', NULL, NULL, 'USER', NULL, NULL),
	('user99', '2023-08-17 14:42:49.638268', '2023-08-17 14:42:57.257917', 'EMPTY', 0, 'user99@naver.com', 0, 'Beginner', b'0', 'user99', 'user99user99', NULL, NULL, 'USER', NULL, NULL),
	('user999', '2023-08-17 14:41:57.396596', '2023-08-17 14:42:47.625115', 'EMPTY', 0, 'user999@naver.com', 0, 'Beginner', b'0', '관리자1', 'user999user999', NULL, NULL, 'USER', NULL, NULL);

/*!40103 SET TIME_ZONE=IFNULL(@OLD_TIME_ZONE, 'system') */;
/*!40101 SET SQL_MODE=IFNULL(@OLD_SQL_MODE, '') */;
/*!40014 SET FOREIGN_KEY_CHECKS=IFNULL(@OLD_FOREIGN_KEY_CHECKS, 1) */;
/*!40101 SET CHARACTER_SET_CLIENT=@OLD_CHARACTER_SET_CLIENT */;
/*!40111 SET SQL_NOTES=IFNULL(@OLD_SQL_NOTES, 1) */;
